Sido,Gungu,Name
경기도,수원시,kbs수원센터(kbs수원아트홀)
경기도,수원시,달곁에 별
경기도,수원시,센츄럴관광호텔(수원)
경기도,수원시,수원sk아트리움
경기도,수원시,수원광교박물관
경기도,수원시,수원박물관
경기도,수원시,수원시립아이파크미술관
경기도,수원시,수원월드컵경기장(축구박물관)
경기도,수원시,수원종합운동장(수원국민체육센터)
경기도,수원시,수원화성박물관
경기도,수원시,해우재
경기도,수원시,호텔리젠시
경기도,수원시,호텔리츠
경기도,수원시,호텔캐슬
경기도,수원시,호텔코리아
경기도,수원시,화성
경기도,수원시,화성행궁(낙남헌)
경기도,성남시,남서울컨트리클럽
경기도,성남시,성남가족캠핑숲
경기도,성남시,성남아트센터
경기도,성남시,신구대학교 식물원
경기도,성남시,토지주택박물관
경기도,성남시,판교박물관
경기도,성남시,한국잡월드
경기도,의정부시,과학도서관(천문우주체험실)
경기도,의정부시,북한산국립공원(의정부시)
경기도,의정부시,아일랜드캐슬
경기도,의정부시,예술의 전당
경기도,의정부시,의정부실내빙상장
경기도,의정부시,퓨전문화관광홍보관
경기도,안양시,관악산자연학습장
경기도,안양시,김중업박물관
경기도,안양시,병목안시민공원
경기도,안양시,병목안캠핑장
경기도,안양시,수리산 자연학습장
경기도,안양시,안양박물관
경기도,안양시,안양예술공원
경기도,안양시,안양천 생태이야기관
경기도,부천시,물박물관
경기도,부천시,부천교육박물관
경기도,부천시,부천로보파크전시관
경기도,부천시,부천수석박물관
경기도,부천시,부천옹기박물관
경기도,부천시,아인스월드
경기도,부천시,웅진플레이도시- 골프연습장
경기도,부천시,웅진플레이도시-실내스키돔
경기도,부천시,웅진플레이도시-워터파크&스파
경기도,부천시,유럽자기박물관
경기도,부천시,자연학습장
경기도,부천시,판타스틱스튜디오
경기도,부천시,한국만화박물관
경기도,부천시,활박물관
경기도,광명시,광명도덕산캠핑장
경기도,광명시,광명동굴
경기도,광명시,광명스피돔
경기도,광명시,구름산산림욕장
경기도,광명시,기형도문학관
경기도,광명시,나비야놀자박물관
경기도,광명시,오리기념관
경기도,광명시,충현박물관
경기도,평택시,바람새마을
경기도,평택시,밝은세상마을
경기도,평택시,송탄관광특구
경기도,평택시,자연테마식물원&농업박물관
경기도,평택시,초록미소마을
경기도,평택시,평택호관광지
경기도,동두천시,동두천관광특구(동두천시)
경기도,동두천시,동두천시경기북부어린이박물관
경기도,동두천시,소요산관광지(자재암)
경기도,동두천시,자유수호평화박물관
경기도,동두천시,티클라우드컨트리클럽
경기도,안산시,NCC 골프클럽
경기도,안산시,경기도미술관
경기도,안산시,경기도청소년수련원
경기도,안산시,대부도캠핑성
경기도,안산시,대부해솔길(구봉도공영주차장)
경기도,안산시,대부해솔길(종현어촌마을입구)
경기도,안산시,동주염전
경기도,안산시,동춘서커스
경기도,안산시,베르아델승마클럽
경기도,안산시,선감어촌체험마을
경기도,안산시,성호기념관
경기도,안산시,세종도예원
경기도,안산시,수리산입구
경기도,안산시,시화호조력발전소
경기도,안산시,씨엘관광농원
경기도,안산시,아일랜드리조트
경기도,안산시,안산갈대습지공원
경기도,안산시,안산썰매장
경기도,안산시,안산어촌민속박물관
경기도,안산시,엑스퍼트연수원
경기도,안산시,유리섬
경기도,안산시,제일컨트리클럽
경기도,안산시,종이미술관
경기도,안산시,종현어촌체험마을
경기도,안산시,탄도항
경기도,안산시,탄도항노을캠핑장
경기도,안산시,풍도
경기도,안산시,호수공원야외수영장
경기도,안산시,화랑오토캠핑장
경기도,고양시,123컨트리클럽
경기도,고양시,KINTEX(한국국제전시장)
경기도,고양시,고양꽃전시관
경기도,고양시,고양생태공원
경기도,고양시,고양아람누리
경기도,고양시,고양어린이박물관
경기도,고양시,고양어울림누리
경기도,고양시,고양원마운트
경기도,고양시,고양종합운동장
경기도,고양시,고양체육관
경기도,고양시,김치스쿨
경기도,고양시,뉴코리아컨트리클럽
경기도,고양시,배다골테마파크
경기도,고양시,서삼릉
경기도,고양시,서오릉
경기도,고양시,송학김전시관
경기도,고양시,아쿠아플라넷 일산
경기도,고양시,올림픽컨트리클럽
경기도,고양시,일산 밤가시초가
경기도,고양시,일산호수공원
경기도,고양시,중남미문화원
경기도,고양시,쥬쥬테마동물원
경기도,고양시,증권박물관
경기도,고양시,평화누리길 4코스
경기도,고양시,평화누리길5코스
경기도,고양시,한양컨트리클럽
경기도,고양시,항공우주박물관
경기도,고양시,행주산성
경기도,과천시,경마공원
경기도,과천시,국립과천과학관
경기도,과천시,국립현대미술관 과천관
경기도,과천시,서울대공원
경기도,과천시,서울랜드
경기도,과천시,추사박물관
경기도,구리시,구리시 고구려 대장간마을
경기도,구리시,동구릉
경기도,남양주시,광릉
경기도,남양주시,광릉컨트리클럽
경기도,남양주시,남양주역사박물관
경기도,남양주시,남양주유기농테마파크(남양주유기농박물관)
경기도,남양주시,다산유적지
경기도,남양주시,모란미술관
경기도,남양주시,몽골문화촌
경기도,남양주시,비전힐스컨트리클럽
경기도,남양주시,서호미술관
경기도,남양주시,스타힐리조트
경기도,남양주시,양주컨트리클럽
경기도,남양주시,우석헌자연사박물관
경기도,남양주시,종합영화촬영소
경기도,남양주시,축령산자연휴양림
경기도,남양주시,홍유릉
경기도,오산시,경기도립 물향기수목원
경기도,오산시,독산성
경기도,오산시,유엔군초전기념비
경기도,시흥시,갯골캠핑장
경기도,시흥시,생금집
경기도,시흥시,솔트베이 골프클럽
경기도,시흥시,시흥갯골생태공원
경기도,시흥시,시흥관광호텔
경기도,시흥시,시흥시연꽃테마파크
경기도,시흥시,아세코밸리 골프클럽
경기도,시흥시,영모재
경기도,시흥시,오이도 함상전망대
경기도,시흥시,오이도 황새바위길
경기도,시흥시,용도수목원
경기도,시흥시,호텔벨라지오
경기도,군포시,안양베네스트컨트리클럽
경기도,의왕시,바라산자연휴양림
경기도,의왕시,철도박물관
경기도,하남시,캐슬렉스컨트리클럽
경기도,용인시,경기도 어린이 박물관
경기도,용인시,경기도박물관(도립)
경기도,용인시,골드컨트리클럽
경기도,용인시,골드훼미리콘도미니엄
경기도,용인시,국가보훈처 88골프장
경기도,용인시,글렌로스 골프클럽
경기도,용인시,남부컨트리클럽
경기도,용인시,농도원목장
경기도,용인시,레이크사이드컨트리클럽
경기도,용인시,레이크힐스컨트리클럽
경기도,용인시,백남준 아트센터
경기도,용인시,세중옛돌박물관
경기도,용인시,수원컨트리클럽
경기도,용인시,신원컨트리클럽
경기도,용인시,아시아나컨트리클럽
경기도,용인시,양지파인리조트
경기도,용인시,양지파인리조트(스키밸리)
경기도,용인시,에버랜드
경기도,용인시,연미향마을
경기도,용인시,용인 대장금 파크
경기도,용인시,용인 자연휴양림
경기도,용인시,용인농촌테마파크
경기도,용인시,용인문화유적전시관
경기도,용인시,용인시 축구센터
경기도,용인시,용인시청소년수련원
경기도,용인시,용인컨트리클럽
경기도,용인시,용인포은아트홀
경기도,용인시,은화삼컨트리클럽
경기도,용인시,이영미술관
경기도,용인시,지산컨트리클럽
경기도,용인시,청계목장
경기도,용인시,캐리비안베이(워터파크)
경기도,용인시,코리아컨트리클럽
경기도,용인시,태광컨트리클럽
경기도,용인시,태영컨트리클럽
경기도,용인시,파인리조트컨트리클럽
경기도,용인시,학일마을
경기도,용인시,한국등잔박물관
경기도,용인시,한국민속촌
경기도,용인시,한성컨트리클럽
경기도,용인시,한원컨트리클럽
경기도,용인시,한택식물원
경기도,용인시,한터조랑말농장
경기도,용인시,한화리조트/용인
경기도,용인시,한화호텔앤드리조트(플라자CC)
경기도,용인시,호박등불마을
경기도,용인시,호암미술관
경기도,용인시,화산컨트리클럽
경기도,파주시,감악산(파주시)
경기도,파주시,공릉관광지(하니랜드)
경기도,파주시,금강산랜드
경기도,파주시,도자기나라
경기도,파주시,두루뫼박물관
경기도,파주시,마장호수
경기도,파주시,베스트밸리
경기도,파주시,벽초지수목원
경기도,파주시,산머루농원
경기도,파주시,서서울컨트리클럽
경기도,파주시,서원밸리골프클럽
경기도,파주시,소울원
경기도,파주시,쇠꼴마을
경기도,파주시,스킨애니버셔리
경기도,파주시,아쿠아랜드
경기도,파주시,영집궁시박물관
경기도,파주시,우농타조농장
경기도,파주시,유일레저
경기도,파주시,율곡선생유적지
경기도,파주시,임진각관광지
경기도,파주시,제3땅굴
경기도,파주시,카트랜드
경기도,파주시,통일전망대
경기도,파주시,파주삼릉
경기도,파주시,파주영어마을
경기도,파주시,파주임실치즈스쿨
경기도,파주시,파주장릉
경기도,파주시,평화누리길 6코스(출판도시길)
경기도,파주시,평화누리길 7코스(헤이리길)
경기도,파주시,평화누리길 8코스(반구정길)
경기도,파주시,평화누리길 9코스(율곡길)
경기도,파주시,헤이리예술마을
경기도,파주시,황포돛배
경기도,파주시,황희선생유적지
경기도,이천시,뉴스프링빌컨트리클럽
경기도,이천시,더반골프클럽
경기도,이천시,덕평컨트리클럽
경기도,이천시,비에이비스타컨트리클럽
경기도,이천시,세계도자센타
경기도,이천시,시립박물관
경기도,이천시,이천도예촌
경기도,이천시,이천시립월전미술관
경기도,이천시,이천테르메덴
경기도,이천시,자연나라관광농원
경기도,이천시,호텔미란다(이천스파플러스)
경기도,안성시,개미관광농원
경기도,안성시,건강나라
경기도,안성시,과채류마을
경기도,안성시,구메농사마을
경기도,안성시,금광관광농원
경기도,안성시,꽃뫼마을
경기도,안성시,너리굴문화마을
경기도,안성시,대안미술공간 소나무
경기도,안성시,레이크힐스 골프텔 안성
경기도,안성시,레이크힐스대중홀
경기도,안성시,미리내마을
경기도,안성시,미리내성지
경기도,안성시,박두진문학관
경기도,안성시,사계절썰매장
경기도,안성시,서운산자연휴양림
경기도,안성시,서일농원
경기도,안성시,선비마을
경기도,안성시,신안컨트리클럽
경기도,안성시,안성3.1운동기념관
경기도,안성시,안성남사당공연장
경기도,안성시,안성맞춤 천문과학관
경기도,안성시,안성맞춤공예문화센터
경기도,안성시,안성맞춤박물관
경기도,안성시,안성맞춤캠핑장
경기도,안성시,안성베네스트G.C.
경기도,안성시,안성성당
경기도,안성시,안성시다목적야영장
경기도,안성시,안성천문대
경기도,안성시,안성컨트리클럽
경기도,안성시,안성팜랜드
경기도,안성시,안성허브마을
경기도,안성시,용설호문화마을
경기도,안성시,이경순소리박물관
경기도,안성시,인처골마을
경기도,안성시,조병화문학관
경기도,안성시,청룡사
경기도,안성시,칠장사
경기도,안성시,태평무전수관
경기도,안성시,파인크리크컨트리클럽
경기도,안성시,포도박물관
경기도,안성시,풍산개마을
경기도,안성시,향토사료관
경기도,안성시,흰돌리마을
경기도,김포시,경기도학생김포야영장
경기도,김포시,김포사계절썰매장
경기도,김포시,김포시사이드컨트리클럽
경기도,김포시,김포청소년수련원
경기도,김포시,김포평화누리길(1코스)
경기도,김포시,김포함상공원
경기도,김포시,다도박물관
경기도,김포시,덕포진교육박물관
경기도,김포시,로그밸리 청소년수련원
경기도,김포시,아라뱃길김포터미널(유람선승선객)
경기도,김포시,애기봉
경기도,김포시,약암관광호텔(입욕객)
경기도,김포시,약암홍염천관광호텔
경기도,김포시,장릉
경기도,김포시,태산패밀리파크(체험프로그램)
경기도,화성시,용주사
경기도,화성시,우리꽃식물원
경기도,화성시,융건릉
경기도,화성시,향토박물관
경기도,광주시,강남300컨트리클럽
경기도,광주시,경기도자박물관
경기도,광주시,곤지암컨트리클럽
경기도,광주시,그린힐컨트리클럽
경기도,광주시,남촌컨트리클럽
경기도,광주시,남한산성 행궁
경기도,광주시,뉴서울컨트리클럽
경기도,광주시,블루버드컨트리클럽
경기도,광주시,영은미술관
경기도,광주시,이스트밸리컨트리클럽
경기도,광주시,일본군위안부역사관
경기도,광주시,조선관요박물관
경기도,광주시,중부컨트리클럽
경기도,광주시,화담숲
경기도,양주시,(재)송암스페이스센터
경기도,양주시,가나아트파크
경기도,양주시,국립아세안자연휴양림
경기도,양주시,북한산국립공원
경기도,양주시,양주시립장욱진미술관
경기도,양주시,조명박물관
경기도,양주시,회암사지박물관
경기도,포천시,㈜베어스타운
경기도,포천시,가산노블리제컨트리클럽
경기도,포천시,국립수목원
경기도,포천시,몽베르 CC (구 산정호수컨트리클럽)
경기도,포천시,백운계곡관광지
경기도,포천시,베어스타운눈썰매장(스키장)
경기도,포천시,베어스타운컨트리클럽
경기도,포천시,베어크리크컨트리클럽
경기도,포천시,비둘기낭캠핑장
경기도,포천시,비둘기낭폭포
경기도,포천시,산사원
경기도,포천시,산정호수관광지
경기도,포천시,신북리조트 스프링폴
경기도,포천시,아침햇살청소년수련원
경기도,포천시,아프리카예술박물관
경기도,포천시,어메이징파크
경기도,포천시,일동레이크컨트리클럽
경기도,포천시,평강식물원
경기도,포천시,포레스트힐 컨트리클럽
경기도,포천시,포천 한탄강 하늘다리
경기도,포천시,포천아도니스컨트리클럽
경기도,포천시,포천아트밸리
경기도,포천시,포천한과박물관(한가원)
경기도,포천시,포천힐스컨트리클럽
경기도,포천시,필로스컨트리클럽
경기도,포천시,하늘아래 치유의 숲
경기도,포천시,한화리조트 산정호수(스파)
경기도,포천시,허브아일랜드
경기도,여주시,강천보
경기도,여주시,금은모래캠핑장
경기도,여주시,명성황후생가
경기도,여주시,목아불교박물관
경기도,여주시,신륵사
경기도,여주시,여주박물관
경기도,여주시,여주시립폰박물관
경기도,여주시,여주온천
경기도,여주시,영릉(세종대왕)
경기도,여주시,이포보
경기도,여주시,이포보오토캠핑장
경기도,여주시,황포돛배
경기도,여주시,황학산수목원
경기도,여주군,금강컨트리클럽
경기도,여주군,남여주골프클럽(퍼블릭)
경기도,여주군,렉스필드
경기도,여주군,명성황후생가
경기도,여주군,목아불교박물관
경기도,여주군,블루헤런컨트리클럽(구.클럽700)
경기도,여주군,빅토리아CC
경기도,여주군,세계생활도자관
경기도,여주군,세종천문대 수련원
경기도,여주군,소피아그린CC
경기도,여주군,솔모로컨트리클럽
경기도,여주군,스카이밸리(구대영루미나)
경기도,여주군,신라컨트리클럽
경기도,여주군,신륵사
경기도,여주군,아리지CC
경기도,여주군,여주컨트리클럽
경기도,여주군,여주한지체험학교
경기도,여주군,영릉(세종대왕)
경기도,여주군,이포컨트리클럽
경기도,여주군,자유컨트리클럽
경기도,여주군,캐슬파인컨트리클럽
경기도,여주군,폰박물관
경기도,여주군,해여림 식물원
경기도,여주군,황학산수목원
경기도,연천군,고대산
경기도,연천군,나룻배마을
경기도,연천군,땅에미소
경기도,연천군,상승전망대
경기도,연천군,수레울아트홀
경기도,연천군,숭의전지
경기도,연천군,승전전망대
경기도,연천군,신라경순왕릉
경기도,연천군,연천호로고루
경기도,연천군,열쇠전망대
경기도,연천군,재인폭포
경기도,연천군,전곡리선사유적지
경기도,연천군,전곡선사박물관
경기도,연천군,조선왕가
경기도,연천군,태풍전망대
경기도,연천군,평화관광교육원
경기도,연천군,한탄강관광지
경기도,연천군,한탄강관광지 오토캠핑장
경기도,연천군,허브빌리지
경기도,가평군,가일미술관
경기도,가평군,가평 목동수련원
경기도,가평군,가평가족눈썰매장(사계절썰매장)
경기도,가평군,가평레일파크
경기도,가평군,가평베네스트골프클럽
경기도,가평군,가평수목원
경기도,가평군,가평청소년수련원
경기도,가평군,강씨봉자연휴양림
경기도,가평군,경기도교직원가평수덕원
경기도,가평군,계성푸른누리수련원
경기도,가평군,고성청소년수련원(쁘띠프랑스)
경기도,가평군,꽃무지 풀무지  수목원
경기도,가평군,남송미술관
경기도,가평군,농촌체험마을
경기도,가평군,대성관광지
경기도,가평군,대원사템플스테이
경기도,가평군,두밀연수원
경기도,가평군,드림아일랜드청소년수련원
경기도,가평군,마이다스벨리컨트리클럽
경기도,가평군,명지산 생태탐방학습원
경기도,가평군,백련사 템플스테이
경기도,가평군,산장관광지
경기도,가평군,서강대연수원
경기도,가평군,서울특별시학생교육원가평교육원
경기도,가평군,서울학생교육원
경기도,가평군,썬힐골프클럽
경기도,가평군,아난티클럽
경기도,가평군,아침고요원예수목원
경기도,가평군,앙크바르만박물관
경기도,가평군,여산청소년수련원
경기도,가평군,연인산도립공원
경기도,가평군,연인산캠핑장
경기도,가평군,영안청소년수련원
경기도,가평군,영인레전드승마클럽
경기도,가평군,예성연수원
경기도,가평군,운악산(가평군)
경기도,가평군,유명산자연휴양림
경기도,가평군,유미재미술관
경기도,가평군,유스토리청소년수련원
경기도,가평군,이화원
경기도,가평군,자라섬캠핑장
경기도,가평군,참공간청평아뜨리에
경기도,가평군,청심국제청소년수련원
경기도,가평군,청평페리유람선
경기도,가평군,취옹예술관
경기도,가평군,칼봉산자연휴양림
경기도,가평군,크리스탈밸리컨트리클럽
경기도,가평군,프리스틴밸리컨트리클럽
경기도,가평군,한바다연수원
경기도,가평군,한화인재경영원
경기도,가평군,현암박물관
경기도,가평군,호명호수공원
경기도,양평군, 구둔역
경기도,양평군,곤충박물관
경기도,양평군,국립산음자연휴양림
경기도,양평군,국립중미산자연휴양림
경기도,양평군,군립미술관
경기도,양평군,남한강자전거길(양평구간)
경기도,양평군,농업박물관
경기도,양평군,대명리조트 양평
경기도,양평군,두메향기
경기도,양평군,두물머리
경기도,양평군,들꽃수목원
경기도,양평군,몽양기념관
경기도,양평군,미리내청소년 수련원
경기도,양평군,민물고기생태학습관
경기도,양평군,세미원
경기도,양평군,소나기마을
경기도,양평군,양평 양떼목장
경기도,양평군,양평 파크골프장
경기도,양평군,양평군수상스키(북한강일대)
경기도,양평군,양평군수상스키장(남한강일대)
경기도,양평군,양평레일바이크
경기도,양평군,양평리조트 수상레저
경기도,양평군,용문산관광지
경기도,양평군,용문산국민관광지
경기도,양평군,용문산자연휴양림
경기도,양평군,지평의병 지평리전투기념관
경기도,양평군,한화리조트 양평
경기도,양평군,화서기념관
경상남도,통합창원시,(주)엘시티관광호텔
경상남도,통합창원시,3.15아트
경상남도,통합창원시,국립 3.15묘지
경상남도,통합창원시,군항문화탐방
경상남도,통합창원시,도립미술관
경상남도,통합창원시,돝섬유원지
경상남도,통합창원시,마금산온천관광지 꿈의궁전모텔
경상남도,통합창원시,마금산온천관광지 라벤다모텔
경상남도,통합창원시,마금산온천관광지 마금산원탕온천
경상남도,통합창원시,마금산온천관광지 마금산찜질여행
경상남도,통합창원시,마금산온천관광지 별궁모텔
경상남도,통합창원시,마금산온천관광지 북면황토방온천
경상남도,통합창원시,마금산온천관광지 숲속산장모텔
경상남도,통합창원시,마금산온천관광지 신라온천
경상남도,통합창원시,마금산온천관광지 신촌온천
경상남도,통합창원시,마금산온천관광지 에뜨와르모텔
경상남도,통합창원시,마금산온천관광지 오아시스모텔
경상남도,통합창원시,마금산온천관광지 우성온천
경상남도,통합창원시,마금산온천관광지 월드컵모텔
경상남도,통합창원시,마금산온천관광지 임페리얼모텔
경상남도,통합창원시,마금산온천관광지 자연온천
경상남도,통합창원시,마금산온천관광지 장미별장
경상남도,통합창원시,마금산온천관광지 천마산온천
경상남도,통합창원시,마금산온천관광지 카페모텔
경상남도,통합창원시,마금산온천관광지 하니온천
경상남도,통합창원시,마산시립박물관
경상남도,통합창원시,마산아리랑호텔
경상남도,통합창원시,마산엠관광호텔
경상남도,통합창원시,문신미술관
경상남도,통합창원시,봉암유원지
경상남도,통합창원시,사보이관광호텔
경상남도,통합창원시,성산아트홀
경상남도,통합창원시,성산패총
경상남도,통합창원시,성주사
경상남도,통합창원시,성흥사
경상남도,통합창원시,용원컨트리클럽
경상남도,통합창원시,용지호수공원 무빙보트
경상남도,통합창원시,웅천도요지
경상남도,통합창원시,장복산공원
경상남도,통합창원시,저도비치로드
경상남도,통합창원시,제황산공원-모노레일
경상남도,통합창원시,주기철목사기념관
경상남도,통합창원시,주남저수지
경상남도,통합창원시,진해내수면환경생태공원
경상남도,통합창원시,진해해양공원
경상남도,통합창원시,창원경륜장
경상남도,통합창원시,창원과학체험관
경상남도,통합창원시,창원국동크루즈
경상남도,통합창원시,창원단감테마공원
경상남도,통합창원시,창원시립마산문학관
경상남도,통합창원시,창원시립마산음악관
경상남도,통합창원시,창원의집
경상남도,통합창원시,창원컨벤션센터
경상남도,통합창원시,창원컨트리클럽
경상남도,통합창원시,콰이강의다리 스카이워크
경상남도,통합창원시,파크랜드
경상남도,통합창원시,해양드라마세트장
경상남도,진주시,LH토지주택박물관
경상남도,진주시,강주연못
경상남도,진주시,경남과학교육원
경상남도,진주시,경상남도과학교육원
경상남도,진주시,경상대학교 박물관
경상남도,진주시,남강댐 물문화관
경상남도,진주시,대암초록마을
경상남도,진주시,동방관광호텔
경상남도,진주시,목공예전수관
경상남도,진주시,물문화관
경상남도,진주시,산림박물관
경상남도,진주시,월아산 청곡사
경상남도,진주시,정수예술촌
경상남도,진주시,죽곡삼베마을
경상남도,진주시,진양호
경상남도,진주시,진양호 동물원
경상남도,진주시,진주 꿈키움동산
경상남도,진주시,진주 월아산우드랜드
경상남도,진주시,진주레일바이크 놀이동산
경상남도,진주시,진주성
경상남도,진주시,진주시립이성자미술관
경상남도,진주시,진주어린이박물관
경상남도,진주시,진주청동기문화박물관
경상남도,통영시,금호충무마리나리조트
경상남도,통영시,남망산국제조각공원
경상남도,통영시,달아공원
경상남도,통영시,동피랑마을
경상남도,통영시,매물도
경상남도,통영시,미륵산
경상남도,통영시,박경리기념관
경상남도,통영시,벽방산(안정사)
경상남도,통영시,사량도
경상남도,통영시,서피랑
경상남도,통영시,"연대도,만지도"
경상남도,통영시,연화도
경상남도,통영시,욕지도
경상남도,통영시,유람선터미널
경상남도,통영시,이순신공원
경상남도,통영시,장사도해상공원
경상남도,통영시,청마문학관
경상남도,통영시,충렬사
경상남도,통영시,통계영지 통영향토역사관
경상남도,통영시,통영 옻칠미술관
경상남도,통영시,통영루지
경상남도,통영시,통영수산과학관
경상남도,통영시,통영시 청소년수련관
경상남도,통영시,통영시립박물관
경상남도,통영시,통영어드벤처타워
경상남도,통영시,통영충렬사
경상남도,통영시,통영케이블카
경상남도,통영시,통제영지 세병관
경상남도,통영시,한려해상국립공원 비진도해수욕장
경상남도,통영시,한산도
경상남도,통영시,한산도 제승당
경상남도,통영시,해저터널
경상남도,사천시,남일대해수욕장
경상남도,사천시,백천사
경상남도,사천시,봉명산 다솔사
경상남도,사천시,비토섬생태관광(별주부전)
경상남도,사천시,비토캠핑장
경상남도,사천시,비토해양낚시공원
경상남도,사천시,사천바다케이블카
경상남도,사천시,사천컨트리클럽
경상남도,사천시,삼삼cc
경상남도,사천시,삼천포유람선
경상남도,사천시,선진공원
경상남도,사천시,세계문화콘텐츠 상설공연
경상남도,사천시,창선.삼천포대교
경상남도,사천시,타니컨트리클럽
경상남도,사천시,항공우주박물관
경상남도,김해시,가야 컨트리클럽
경상남도,김해시,가야랜드
경상남도,김해시,가야문화예술관
경상남도,김해시,가야역사테마파크
경상남도,김해시,국립 김해 박물관
경상남도,김해시,김해가야테마파크
경상남도,김해시,김해낙동강레일파크
경상남도,김해시,김해목재문화체험장
경상남도,김해시,김해상록GC
경상남도,김해시,김해시 청소년수련관
경상남도,김해시,김해천문대
경상남도,김해시,김해청소년문화의집
경상남도,김해시,노무현대통령생가
경상남도,김해시,대동승마랜드
경상남도,김해시,대성동 고분군
경상남도,김해시,대성동고분박물관
경상남도,김해시,도자기체험
경상남도,김해시,롯데스카이힐컨트리클럽
경상남도,김해시,롯데워터파크
경상남도,김해시,무척관광예술원
경상남도,김해시,문화의전당
경상남도,김해시,봉황동유적지
경상남도,김해시,부경동물원
경상남도,김해시,수로왕릉
경상남도,김해시,수로왕비릉
경상남도,김해시,장유 대청계곡
경상남도,김해시,장유온천
경상남도,김해시,장척계곡
경상남도,김해시,정산컨트리클럽
경상남도,김해시,클레이아크
경상남도,김해시,한림민속박물관
경상남도,김해시,한옥체험관
경상남도,김해시,화포천습지 생태공원
경상남도,밀양시,가지산
경상남도,밀양시,경상남도 민물고기 전시관
경상남도,밀양시,만어사
경상남도,밀양시,밀양 얼음골축음기소리박물관
경상남도,밀양시,밀양꽃새미마을
경상남도,밀양시,밀양댐
경상남도,밀양시,밀양시립박물관
경상남도,밀양시,밀양아리랑아트센터
경상남도,밀양시,밀양아리랑오토캠핑장
경상남도,밀양시,밀양영남루
경상남도,밀양시,사명대사 유적지
경상남도,밀양시,사자평
경상남도,밀양시,삼량진 양수발전처
경상남도,밀양시,얼음골
경상남도,밀양시,영남알프스 얼음골 케이블카
경상남도,밀양시,트윈터널
경상남도,밀양시,평리녹색농촌체험마을
경상남도,밀양시,평리산대추마을
경상남도,밀양시,표충비각
경상남도,밀양시,표충사
경상남도,거제시,(주)웰리브 애드미럴호텔
경상남도,거제시,거제관광호텔한양(주)
경상남도,거제시,거제도해수온천
경상남도,거제시,거제맹종죽테마공원
경상남도,거제시,거제박물관
경상남도,거제시,거제뷰컨트리클럽
경상남도,거제시,거제삼성호텔
경상남도,거제시,거제시농업개발원
경상남도,거제시,거제요트학교
경상남도,거제시,거제자연휴양림
경상남도,거제시,거제칠천도크루즈(칠천도~거가대교 코스)
경상남도,거제시,계도어촌체험마을
경상남도,거제시,계룡산(거제공고 등산로입구)
경상남도,거제시,공곶이
경상남도,거제시,구조라해수욕장
경상남도,거제시,김영삼전대통령생가·기록전시관
경상남도,거제시,노자산(학동 고개 입구)
경상남도,거제시,농소해수욕장
경상남도,거제시,다대어촌체험마을
경상남도,거제시,대우조선해양
경상남도,거제시,덕원해수욕장
경상남도,거제시,덕포해수욕장
경상남도,거제시,도장포어촌체험마을
경상남도,거제시,드비치골프클럽
경상남도,거제시,망산(저구삼거리입구)
경상남도,거제시,매물도 유람선(선착장~매물도 코스)
경상남도,거제시,명사해수욕장
경상남도,거제시,문동휴양림
경상남도,거제시,문동휴양지
경상남도,거제시,물안해수욕장
경상남도,거제시,미남크루즈해양관광(주)(고현~가조도 코스)
경상남도,거제시,바람의 언덕
경상남도,거제시,산방산비원
경상남도,거제시,삼성중공업
경상남도,거제시,신선대
경상남도,거제시,쌍근어촌체험마을
경상남도,거제시,씨라인
경상남도,거제시,여차해수욕장
경상남도,거제시,오션베이
경상남도,거제시,옥포대첩기념공원
경상남도,거제시,와현해수욕장
경상남도,거제시,우제봉 전망대
경상남도,거제시,이수도어촌체험마을
경상남도,거제시,자연예술랜드
경상남도,거제시,장사도 유람선(선착장~장사도 코스)
경상남도,거제시,조선해양문화관
경상남도,거제시,죽림해수욕장
경상남도,거제시,지심도
경상남도,거제시,청마기념관
경상남도,거제시,칠천량해전공원
경상남도,거제시,포로수용소유적공원
경상남도,거제시,학동해수욕장
경상남도,거제시,함목해수욕장
경상남도,거제시,해금강 테마박물관
경상남도,거제시,"해금강,외도"
경상남도,거제시,해금강블루마을리조트
경상남도,거제시,황포해수욕장
경상남도,거제시,흥남해수욕장
경상남도,양산시,내원사
경상남도,양산시,대운산자연휴양림
경상남도,양산시,동부산 컨트리클럽
경상남도,양산시,동원로얄cc
경상남도,양산시,양산시립박물관
경상남도,양산시,양산에덴밸리스키장
경상남도,양산시,양산컨트리클럽
경상남도,양산시,양산타워
경상남도,양산시,에덴밸리 루지
경상남도,양산시,에덴밸리 컨트리클럽
경상남도,양산시,에이원 컨트리클럽
경상남도,양산시,원동자연휴양림
경상남도,양산시,임경대
경상남도,양산시,통도 환타지아
경상남도,양산시,통도사
경상남도,양산시,통도파인이스트골프장
경상남도,양산시,홍룡사
경상남도,양산시,황산베랑길
경상남도,의령군,목도수목원(일준부채박물관)
경상남도,의령군,벽계관광지
경상남도,의령군,일붕사
경상남도,의령군,충익사
경상남도,의령군,호암 이병철 생가
경상남도,함안군,고려동유적지
경상남도,함안군,악양둑방길
경상남도,함안군,악양생태공원
경상남도,함안군,애국지사 산돌 손양원목사 기념관
경상남도,함안군,여항산
경상남도,함안군,입곡군립공원
경상남도,함안군,함안 말이산 고분군
경상남도,함안군,함안박물관
경상남도,함안군,함안연꽃테마파크
경상남도,창녕군,레이크힐스호텔부곡
경상남도,창녕군,박진전쟁기념관
경상남도,창녕군,부곡 스파디움 따오기호텔
경상남도,창녕군,부곡가든관광호텔
경상남도,창녕군,부곡온천 르네상스관
경상남도,창녕군,부곡하와이
경상남도,창녕군,부곡하와이관광호텔
경상남도,창녕군,비봉리패총전시관
경상남도,창녕군,산토끼 노래동산
경상남도,창녕군,우포늪
경상남도,창녕군,우포늪 생태관
경상남도,창녕군,우포생태촌 유스호스텔
경상남도,창녕군,일성부곡콘도
경상남도,창녕군,창녕박물관
경상남도,창녕군,호텔레인보우
경상남도,창녕군,화왕산군립공원
경상남도,창녕군,화왕산자연휴양림
경상남도,고성군,거류산
경상남도,고성군,고성박물관
경상남도,고성군,고성탈박물관
경상남도,고성군,공룡박물관
경상남도,고성군,당항포
경상남도,고성군,문수암
경상남도,고성군,상족암 군립공원
경상남도,고성군,옥천사
경상남도,고성군,운흥사
경상남도,고성군,적석산
경상남도,남해군,거북선전시관
경상남도,남해군,관광유람선(러브크루즈호)
경상남도,남해군,나비생태공원
경상남도,남해군,남해 양떼목장 양모리학교
경상남도,남해군,남해국제탈공연예술촌
경상남도,남해군,남해군 요트학교
경상남도,남해군,남해스포츠파크
경상남도,남해군,남해유배문학관
경상남도,남해군,남해편백자연휴양림
경상남도,남해군,망운산
경상남도,남해군,사우스케이프(골프장)
경상남도,남해군,상주해수욕장
경상남도,남해군,섬이정원
경상남도,남해군,송정해수욕장
경상남도,남해군,아난티남해(골프장)
경상남도,남해군,원예예술촌
경상남도,남해군,이락사
경상남도,남해군,이순신영상관
경상남도,남해군,충렬사(거북선)
경상남도,남해군,토피아랜드 테마정원
경상남도,남해군,파독전시관
경상남도,남해군,"한려해상국립공원 금산(등산로입구,두모마을)"
경상남도,남해군,한려해상국립공원 금산(복곡주차장)
경상남도,남해군,해오름예술촌
경상남도,하동군,구재봉 자연휴양림
경상남도,하동군,금오산 스윙점프
경상남도,하동군,금오산 짚와이어
경상남도,하동군,삼성궁
경상남도,하동군,송림공원
경상남도,하동군,지리산생태과학관
경상남도,하동군,지리산쌍계사
경상남도,하동군,최참판댁
경상남도,하동군,평사리공원
경상남도,하동군,하동군 청소년수련원
경상남도,하동군,하동레일파크
경상남도,하동군,하동야생차박물관
경상남도,하동군,화개장터
경상남도,산청군,남명조식유적지
경상남도,산청군,남사예담촌
경상남도,산청군,목면시배유지
경상남도,산청군,산청한의학박물관
경상남도,산청군,성철대종사생가
경상남도,산청군,전구형왕릉
경상남도,산청군,지리산국립공원(거림)
경상남도,산청군,지리산국립공원(내원)
경상남도,산청군,지리산국립공원(산청군)
경상남도,산청군,지리산국립공원(유평)
경상남도,산청군,지리산국립공원(중산리)
경상남도,산청군,지리산빨치산토벌전시관
경상남도,산청군,황매산(산청군)
경상남도,산청군,황매산영화주제공원
경상남도,함양군,기백산군립공원
경상남도,함양군,농월정
경상남도,함양군,일두고택
경상남도,함양군,지리산국립공원(백무동계곡)
경상남도,함양군,추성계곡
경상남도,함양군,함양상림
경상남도,거창군,가남정보화마을
경상남도,거창군,가조온천관광지 더블유모텔
경상남도,거창군,가조온천관광지 마이다스온천모텔
경상남도,거창군,가조온천관광지 모텔테마
경상남도,거창군,가조온천관광지 아이원(I1)모텔
경상남도,거창군,가조온천관광지 아이투(I2)모텔
경상남도,거창군,가조온천관광지 유(U)모텔
경상남도,거창군,가조온천관광지 짬모텔
경상남도,거창군,가조온천관광지(백두산천지온천)
경상남도,거창군,개금 약초마을
경상남도,거창군,거기애사과마을
경상남도,거창군,거열산성군립공원
경상남도,거창군,거창박물관
경상남도,거창군,거창사건 추모공원
경상남도,거창군,거창사과테마파크
경상남도,거창군,고견사
경상남도,거창군,금원산자연휴양림
경상남도,거창군,달빛고운월성마을
경상남도,거창군,덕유산국립공원(거창군)
경상남도,거창군,서변정보화마을
경상남도,거창군,솔향기돌담마을
경상남도,거창군,수승대관광지
경상남도,거창군,수승대관광지 수승대모텔
경상남도,거창군,숲옛마을
경상남도,거창군,월성계곡
경상남도,거창군,월성청소년수련원
경상남도,거창군,"장풍숲,척수대"
경상남도,거창군,정온선생종택
경상남도,거창군,하늘비단마을
경상남도,거창군,황금원숭이마을
경상남도,합천군,가야산국립공원(해인사)
경상남도,합천군,미숭산관광지
경상남도,합천군,보조댐관광지
경상남도,합천군,"악견산,금성산"
경상남도,합천군,오도산자연휴양림
경상남도,합천군,합천박물관
경상남도,합천군,합천영상테마파크
경상남도,합천군,합천호관광지
경상남도,합천군,황매산군립공원
경상북도,포항시,경상북도수목원
경상북도,포항시,구룡포 근대문화거리 홍보관
경상북도,포항시,구룡포과메기문화관
경상북도,포항시,구룡포근대문화역사관
경상북도,포항시,구룡포해수욕장
경상북도,포항시,국립등대박물관
경상북도,포항시,귀비고
경상북도,포항시,기청산식물원
경상북도,포항시,덕동문화마을
경상북도,포항시,덕실마을(대통령고향마을)
경상북도,포항시,도구해수욕장
경상북도,포항시,방사광가속기
경상북도,포항시,보경사
경상북도,포항시,북부해수욕장
경상북도,포항시,사방기념공원
경상북도,포항시,새마을기념관
경상북도,포항시,새천년기념관
경상북도,포항시,송도해수욕장
경상북도,포항시,영일만크루즈
경상북도,포항시,영일민속박물관
경상북도,포항시,오어사
경상북도,포항시,운제산
경상북도,포항시,월포해수욕장
경상북도,포항시,죽도시장
경상북도,포항시,지능로봇연구소
경상북도,포항시,칠포해수욕장
경상북도,포항시,포스코
경상북도,포항시,포스코역사관
경상북도,포항시,포항가속기연구소
경상북도,포항시,포항시립미술관
경상북도,포항시,포항운하홍보관
경상북도,포항시,포항함
경상북도,포항시,한국로봇융합연구원
경상북도,포항시,해맞이광장
경상북도,포항시,화진해수욕장
경상북도,포항시,환호해맞이공원
경상북도,경주시,경주 동궁과 월지
경상북도,경주시,경주 무열왕릉
경상북도,경주시,경주 세계문화엑스포공원
경상북도,경주시,경주 양동마을
경상북도,경주시,경주 오릉
경상북도,경주시,경주 토함산 (불국사탐방로 제외)
경상북도,경주시,경주감은사지
경상북도,경주시,경주동궁원
경상북도,경주시,경주월드
경상북도,경주시,경주첨성대
경상북도,경주시,교촌한옥마을
경상북도,경주시,구미산
경상북도,경주시,국립경주박물관
경상북도,경주시,기림사
경상북도,경주시,김유신장군묘
경상북도,경주시,남산
경상북도,경주시,단석산(국립공원)
경상북도,경주시,대릉원
경상북도,경주시,무열왕릉
경상북도,경주시,문무대왕릉
경상북도,경주시,민속공예촌
경상북도,경주시,보문관광단지
경상북도,경주시,분황사
경상북도,경주시,불국사
경상북도,경주시,석굴암
경상북도,경주시,소금강산
경상북도,경주시,신라밀레니엄파크
경상북도,경주시,신라역사과학관
경상북도,경주시,양남 주상절리 전망대
경상북도,경주시,옥산서원
경상북도,경주시,통일전
경상북도,경주시,포석정
경상북도,김천시,김천녹색미래과학관
경상북도,김천시,김천시립미술관
경상북도,김천시,김천실내체육관
경상북도,김천시,문화예술회관
경상북도,김천시,부항댐 출렁다리
경상북도,김천시,부항댐(물 문화관)
경상북도,김천시,빗내농악전수관
경상북도,김천시,세계도자기박물관
경상북도,김천시,수도계곡
경상북도,김천시,수도산 자연휴양림
경상북도,김천시,수도암
경상북도,김천시,옛날솜씨마을
경상북도,김천시,이화만리 녹색농촌 체험마을
경상북도,김천시,증산수도계곡캠핑장
경상북도,김천시,직지문화공원
경상북도,김천시,직지사
경상북도,김천시,청암사
경상북도,안동시,갈라산
경상북도,안동시,경북도청
경상북도,안동시,계명산자연휴양림
경상북도,안동시,공예문화전시관(체험관 포함)
경상북도,안동시,권정생동화나라
경상북도,안동시,남안동컨트리클럽
경상북도,안동시,농암종택
경상북도,안동시,단호샌드파크캠핑장
경상북도,안동시,도산서원
경상북도,안동시,도산온천
경상북도,안동시,봉정사
경상북도,안동시,산림과학박물관
경상북도,안동시,선성현문화단지
경상북도,안동시,시립민속박물관
경상북도,안동시,안동국제탈춤페스티벌
경상북도,안동시,안동군자마을
경상북도,안동시,안동독립운동기념관
경상북도,안동시,안동문화관광단지 온뜨레피움
경상북도,안동시,안동문화관광단지 유교랜드
경상북도,안동시,안동문화관광단지 휴그린 골프장
경상북도,안동시,안동물문화관
경상북도,안동시,안동예절학교
경상북도,안동시,안동임청각
경상북도,안동시,안동체육관
경상북도,안동시,안동한우불고기타운
경상북도,안동시,안동한지
경상북도,안동시,"안동호(유람선,배스낚시)"
경상북도,안동시,암산.무릉유원지
경상북도,안동시,암산유원지
경상북도,안동시,예움터마을
경상북도,안동시,이육사문학관
경상북도,안동시,이천동석불상
경상북도,안동시,임하호 캠핑 수상레저타운
경상북도,안동시,전통문화콘텐츠박물관
경상북도,안동시,지례예술촌
경상북도,안동시,"천등산(1코스, 2코스)"
경상북도,안동시,탑블리스 골프장
경상북도,안동시,태사묘
경상북도,안동시,하회동탈박물관
경상북도,안동시,하회마을
경상북도,안동시,학가산온천
경상북도,안동시,한국국학진흥원
경상북도,구미시,(주)호텔 금오산
경상북도,구미시,구미과학관
경상북도,구미시,구미시 탄소제로교육관
경상북도,구미시,구미유비쿼터스체험관
경상북도,구미시,금오산(탐방로 입구)
경상북도,구미시,도리사
경상북도,구미시,박대통령생가
경상북도,구미시,산동참생태숲
경상북도,구미시,신라불교초전지
경상북도,구미시,야은역사체험관
경상북도,구미시,옥성자연휴양림
경상북도,구미시,왕산허위선생기념관
경상북도,구미시,천생산성
경상북도,영주시,국립산림치유원
경상북도,영주시,무섬마을
경상북도,영주시,부석사
경상북도,영주시,선비문화수련원
경상북도,영주시,소백산 풍기온천
경상북도,영주시,소백산국립공원
경상북도,영주시,소백산국립공원(부석)
경상북도,영주시,소백산국립공원(삼가)
경상북도,영주시,소백산국립공원(초암)
경상북도,영주시,소백산국립공원(희방)
경상북도,영주시,소수서원
경상북도,영주시,순흥벽화고분 및 금성단
경상북도,영주시,영주 판타시온 리조트
경상북도,영주시,영주호 오토캠핑장
경상북도,영주시,옥녀봉자연휴양림
경상북도,영주시,인삼박물관
경상북도,영주시,장말손 유물각
경상북도,영주시,장수관광농원
경상북도,영주시,죽령 옛길
경상북도,영주시,콩세계과학관
경상북도,영주시,풍기인삼시장
경상북도,영천시,거조암
경상북도,영천시,국립영천호국원
경상북도,영천시,도계서원
경상북도,영천시,돌할매공원
경상북도,영천시,동의참누리원 영천 한의마을
경상북도,영천시,만불사
경상북도,영천시,보현산댐짚와이어
경상북도,영천시,보현산천문대
경상북도,영천시,사일온천
경상북도,영천시,수도사
경상북도,영천시,시안아트
경상북도,영천시,영천 전투메모리얼파크 체험관
경상북도,영천시,영천보현산천문과학관
경상북도,영천시,운주산승마자연휴양림
경상북도,영천시,은해사
경상북도,영천시,임고강변공원
경상북도,영천시,임고서원
경상북도,영천시,천수누림길
경상북도,영천시,충효사
경상북도,영천시,치산관광지
경상북도,영천시,치산관광지 등산로 입구
경상북도,영천시,치산관광지캠핑장
경상북도,상주시,경천대
경상북도,상주시,국립낙동강생물자원관
경상북도,상주시,나각산
경상북도,상주시,낙동 승곡마을
경상북도,상주시,낙동강 역사이야기관
경상북도,상주시,남장사
경상북도,상주시,모동 지장마을
경상북도,상주시,문장대
경상북도,상주시,백화산
경상북도,상주시,병천마을(용유계곡)
경상북도,상주시,북장사
경상북도,상주시,상주국제승마장
경상북도,상주시,상주동학교당
경상북도,상주시,상주박물관
경상북도,상주시,상주임란북천전적지
경상북도,상주시,상주자전거박물관
경상북도,상주시,성주봉자연휴양림
경상북도,상주시,용흥사(갑장산)
경상북도,상주시,중동드라마세트장
경상북도,상주시,충의사
경상북도,상주시,한방건강센터
경상북도,상주시,화동 버드니마을
경상북도,상주시,효자정재수기념관
경상북도,문경시,경천호
경상북도,문경시,국립대야산자연휴양림
경상북도,문경시,김룡사계곡
경상북도,문경시,문경 국민여가 캠핑장
경상북도,문경시,문경관광사격장
경상북도,문경시,문경도자기전시관
경상북도,문경시,문경레저타운
경상북도,문경시,문경새재도립공원
경상북도,문경시,문경새재오픈세트장
경상북도,문경시,문경석탄박물관
경상북도,문경시,문경온천
경상북도,문경시,문경천문대
경상북도,문경시,문경철로자전거
경상북도,문경시,문경활공랜드
경상북도,문경시,박열의사기념관
경상북도,문경시,백두대간등산
경상북도,문경시,불정자연휴양림
경상북도,문경시,사계절썰매장
경상북도,문경시,쌍룡계곡
경상북도,문경시,에코랄라
경상북도,문경시,"용추,선유동계곡"
경상북도,문경시,운강이강년기념관
경상북도,문경시,자연생태박물관
경상북도,문경시,진남교반
경상북도,문경시,청소년수련장
경상북도,문경시,청운각
경상북도,경산시,갓바위
경상북도,경산시,경산시립박물관
경상북도,경산시,경산임당동고분군
경상북도,경산시,경산조영동고분군
경상북도,경산시,남매지
경상북도,경산시,대가대 박물관
경상북도,경산시,대구골프장
경상북도,경산시,대구대학교 중앙박물관
경상북도,경산시,대구컨트리클럽
경상북도,경산시,대구한의대 박물관
경상북도,경산시,삼성현역사문화관
경상북도,경산시,상대온천
경상북도,경산시,상대온천관광호텔
경상북도,경산시,석정온천
경상북도,경산시,석정온천관광호텔
경상북도,경산시,압량유적
경상북도,경산시,영남대학교 박물관
경상북도,경산시,인터불고경산골프장
경상북도,경산시,인터불고경산컨트리클럽
경상북도,경산시,자인계정숲
경상북도,군위군,경북대학교 자연사박물관
경상북도,군위군,김수환추기경 사랑과 나눔공원
경상북도,군위군,"동산계곡, 대율리전통마을"
경상북도,군위군,사라온이야기마을
경상북도,군위군,삼존석굴
경상북도,군위군,석산리 산촌생태마을
경상북도,군위군,인각사
경상북도,군위군,장곡자연휴양림
경상북도,군위군,장곡휴양림
경상북도,군위군,추억의 학교 엄마아빠 어렸을 적에
경상북도,의성군,고운사
경상북도,의성군,교촌녹색농촌체험마을
경상북도,의성군,금봉휴양림
경상북도,의성군,금성산
경상북도,의성군,대곡사
경상북도,의성군,빙계계곡
경상북도,의성군,산수유마을
경상북도,의성군,산운마을
경상북도,의성군,의성조문국박물관
경상북도,의성군,의성조문국사적지
경상북도,의성군,청화산
경상북도,의성군,탑산온천
경상북도,의성군,한국애플리즈 나만의 사과와인 만드기
경상북도,청송군,군립청송야송미술관
경상북도,청송군,내룡리얼음골
경상북도,청송군,달기약수탕
경상북도,청송군,솔기온천
경상북도,청송군,송소고택
경상북도,청송군,신성계곡
경상북도,청송군,양수발전소
경상북도,청송군,주산지
경상북도,청송군,주왕산국립공원 상의 탐방로
경상북도,청송군,주왕산국립공원 월외 탐방로
경상북도,청송군,주왕산국립공원 절골 탐방로
경상북도,청송군,"주왕산국립공원(절골계곡, 달기폭포 포함)"
경상북도,청송군,청송민속박물관
경상북도,청송군,청송백자전수장
경상북도,청송군,청송자연휴양림
경상북도,청송군,항일의병기념공원
경상북도,영양군,검마산자연휴양림
경상북도,영양군,두들마을
경상북도,영양군,몽현미륵존불
경상북도,영양군,본신계곡
경상북도,영양군,삼의계곡
경상북도,영양군,선바위관광지
경상북도,영양군,수하계곡
경상북도,영양군,연당마을(서석지)
경상북도,영양군,영양군청소년수련원
경상북도,영양군,영양반딧불이천문대
경상북도,영양군,음식디미방
경상북도,영양군,일월산
경상북도,영양군,일월척금대
경상북도,영양군,자연생태공원
경상북도,영양군,장계향문화체험교육원
경상북도,영양군,주실마을
경상북도,영양군,지훈문학관
경상북도,영양군,침벽공원
경상북도,영양군,흥림산자연휴양림
경상북도,영덕군,강구항
경상북도,영덕군,경보화석박물관
경상북도,영덕군,경정해수욕장
경상북도,영덕군,고래불백사장
경상북도,영덕군,괴시리전통마을
경상북도,영덕군,남호해수욕장
경상북도,영덕군,대진해수욕장
경상북도,영덕군,동해비치관광호텔
경상북도,영덕군,동해해상관광호텔
경상북도,영덕군,부경온천
경상북도,영덕군,삼사해상공원
경상북도,영덕군,신돌석장군유적지
경상북도,영덕군,신재생에너지전시관
경상북도,영덕군,어촌민속전시관
경상북도,영덕군,영덕블루로드
경상북도,영덕군,영덕심층수온천
경상북도,영덕군,오보해수욕장
경상북도,영덕군,오천솔밭
경상북도,영덕군,옥계계곡
경상북도,영덕군,장사해수욕장
경상북도,영덕군,축산항
경상북도,영덕군,칠보산자연휴양림
경상북도,영덕군,팔각산(달산면옥계리등산로)
경상북도,영덕군,풍력발전단지
경상북도,영덕군,하저해수욕장
경상북도,영덕군,해맞이공원
경상북도,청도군,가지산(청도군)
경상북도,청도군,남산계곡
경상북도,청도군,동창천
경상북도,청도군,비슬관광농원
경상북도,청도군,비슬산
경상북도,청도군,삼계리계곡
경상북도,청도군,새마을운동발상지기념관
경상북도,청도군,선암서원
경상북도,청도군,송암정사
경상북도,청도군,신화랑풍류마을 오토캠핑장
경상북도,청도군,와인터널
경상북도,청도군,용각산
경상북도,청도군,용암온천
경상북도,청도군,용천사
경상북도,청도군,운문댐
경상북도,청도군,운문사
경상북도,청도군,운문산군립공원
경상북도,청도군,운문산자연휴양림
경상북도,청도군,유천천
경상북도,청도군,유호연지
경상북도,청도군,자계서원
경상북도,청도군,청도군자전거공원캠핑장
경상북도,청도군,청도레일바이크
경상북도,청도군,청도박물관
경상북도,청도군,청도소싸움경기장
경상북도,청도군,청도소싸움축제
경상북도,청도군,청도신화랑풍류마을
경상북도,청도군,청도와인터널
경상북도,청도군,청도천
경상북도,청도군,청도프로방스
경상북도,청도군,청도향교
경상북도,청도군,코미디철가방극장
경상북도,청도군,한국코미디타운
경상북도,고령군,가얏고마을
경상북도,고령군,개실마을
경상북도,고령군,개포나루터
경상북도,고령군,고령 마스터피스cc
경상북도,고령군,고령 유니밸리CC
경상북도,고령군,고령군 향토문화학교
경상북도,고령군,고령양전동암각화
경상북도,고령군,고령지산동고분군
경상북도,고령군,내사랑 딸기
경상북도,고령군,다례원
경상북도,고령군,대가야 역사테마관광지
경상북도,고령군,대가야박물관
경상북도,고령군,대가야생활촌
경상북도,고령군,대가야체험캠프
경상북도,고령군,미니멀 동물원
경상북도,고령군,미숭산자연휴양림
경상북도,고령군,반룡사
경상북도,고령군,별나무캠핑장
경상북도,고령군,산림녹화기념숲
경상북도,고령군,산주마을
경상북도,고령군,상비리계곡
경상북도,고령군,생비원
경상북도,고령군,서우재마을
경상북도,고령군,신리마을
경상북도,고령군,신촌숲
경상북도,고령군,예마을
경상북도,고령군,옥계야영장
경상북도,고령군,장태백의 버섯마을
경상북도,고령군,한팜농원
경상북도,고령군,향기정원
경상북도,성주군,가야산 야생화식물원
경상북도,성주군,가야산국립공원(만물상)
경상북도,성주군,가야산국립공원(성주군)
경상북도,성주군,가야산국립공원(용기골)
경상북도,성주군,금수문화공원야영장
경상북도,성주군,성주 경산리의 성밖숲
경상북도,성주군,성주 성산동 고분군
경상북도,성주군,성주생활문화센터
경상북도,성주군,세종대왕자태실
경상북도,성주군,수륜중기마을
경상북도,성주군,아라월드
경상북도,성주군,추억박물관
경상북도,성주군,포천계곡
경상북도,성주군,한개마을
경상북도,성주군,회연서원
경상북도,칠곡군,가산산성
경상북도,칠곡군,가산산성야영장
경상북도,칠곡군,구상문학관
경상북도,칠곡군,다부동전적기념관
경상북도,칠곡군,송정자연휴양림
경상북도,칠곡군,왜관지구전적기념관
경상북도,칠곡군,칠곡보 오토캠핑장
경상북도,칠곡군,칠곡호국평화기념관
경상북도,예천군,가오실지
경상북도,예천군,명봉유원지
경상북도,예천군,삼강주막
경상북도,예천군,석송령
경상북도,예천군,선몽대
경상북도,예천군,약포유물전시관
경상북도,예천군,예천군곤충생태체험관
경상북도,예천군,예천온천
경상북도,예천군,예천진호국제양궁장
경상북도,예천군,예천충효테마공원
경상북도,예천군,"용문사,초간정"
경상북도,예천군,천문우주과학공원
경상북도,예천군,"학가산자연휴양림,미호천,천호예술원,오신대교"
경상북도,예천군,활기찬 예천! 활체험센터
경상북도,예천군,회룡포
경상북도,봉화군,"관광축제(은어,송이)"
경상북도,봉화군,국립백두대간수목원
경상북도,봉화군,다덕약수탕
경상북도,봉화군,띠띠미 마을
경상북도,봉화군,"분천역(백두대간협곡열차,중부내륙순환열차)"
경상북도,봉화군,비지정관광지
경상북도,봉화군,승부역(관광열차)
경상북도,봉화군,승부역(환상선 눈꽃열차)
경상북도,봉화군,오전약수탕관광지
경상북도,봉화군,우곡성지
경상북도,봉화군,워낭소리 촬영지
경상북도,봉화군,청량산도립공원(봉화군)
경상북도,봉화군,청옥산자연휴양림
경상북도,봉화군,축서사
경상북도,봉화군,충재유물관(닭실)
경상북도,울진군,거일1리 어촌체험 휴양마을
경상북도,울진군,거일1리어촌체험마을
경상북도,울진군,격암 남사고 유적지
경상북도,울진군,고포마을
경상북도,울진군,구산 어촌체험 휴양마을
경상북도,울진군,구산리어촌체험마을
경상북도,울진군,구산해수욕장
경상북도,울진군,구수곡자연휴양림
경상북도,울진군,굴구지산촌체험마을
경상북도,울진군,금강소나무숲길
경상북도,울진군,기성리어촌체험마을
경상북도,울진군,기성망양해수욕장
경상북도,울진군,나곡1리 어촌체험 휴양마을
경상북도,울진군,나곡리어촌체험마을
경상북도,울진군,나곡바다낚시공원
경상북도,울진군,나곡해수욕장
경상북도,울진군,대풍헌
경상북도,울진군,덕구계곡
경상북도,울진군,덕구온천
경상북도,울진군,덕신리고분공원
경상북도,울진군,도화동산
경상북도,울진군,등기산 출렁다리
경상북도,울진군,망양정
경상북도,울진군,망양정해수욕장
경상북도,울진군,명계서원
경상북도,울진군,민물고기전시관
경상북도,울진군,"백암관광특구(기타 호텔,모텔등)"
경상북도,울진군,백암산
경상북도,울진군,백암온천마을
경상북도,울진군,벽산덕구온천콘도
경상북도,울진군,봉평신라비전시관
경상북도,울진군,봉평해수욕장
경상북도,울진군,불영계곡야영장
경상북도,울진군,불영사
경상북도,울진군,불영사계곡
경상북도,울진군,사랑바위
경상북도,울진군,사랑한다말해줘촬영지
경상북도,울진군,성류굴
경상북도,울진군,성류파크숙박
경상북도,울진군,성류파크온천이용
경상북도,울진군,수산리굴참나무
경상북도,울진군,신선계곡
경상북도,울진군,쌍전리 녹색농촌 체험휴양마을
경상북도,울진군,쌍전리산돌배나무
경상북도,울진군,양떡마을음떡마을
경상북도,울진군,에코리움
경상북도,울진군,엑스포공원
경상북도,울진군,엘지연수원
경상북도,울진군,연호정
경상북도,울진군,왕피거리고마을
경상북도,울진군,왕피천생태예약탐방로
경상북도,울진군,운암서원
경상북도,울진군,울진 금강송 문화관
경상북도,울진군,울진 대게 홍보전시관
경상북도,울진군,울진 후포리 신석기 유적관
경상북도,울진군,울진과학체험관
경상북도,울진군,울진구산리삼층석탑
경상북도,울진군,울진금강송군락지
경상북도,울진군,울진대게유래비
경상북도,울진군,울진소광리황장봉계표석
경상북도,울진군,울진요트학교
경상북도,울진군,울진용장교회
경상북도,울진군,울진해양레포츠센터
경상북도,울진군,울진향교
경상북도,울진군,울진황금대게공원
경상북도,울진군,원자력전시관
경상북도,울진군,월계서원
경상북도,울진군,월송정
경상북도,울진군,응봉산(울진군)
경상북도,울진군,주인리황금소나무
경상북도,울진군,죽변등대
경상북도,울진군,죽변항
경상북도,울진군,캠프홀스
경상북도,울진군,통고산
경상북도,울진군,통고산자연휴양림
경상북도,울진군,평해북천교비
경상북도,울진군,평해향교
경상북도,울진군,폭풍속으로 드라마세트장
경상북도,울진군,한화리조트 백암온천
경상북도,울진군,한화콘도온천이용
경상북도,울진군,해맞이공원
경상북도,울진군,해월헌
경상북도,울진군,행곡리의처진소나무
경상북도,울진군,향암미술관
경상북도,울진군,호텔덕구온천
경상북도,울진군,호텔덕구온천이용
경상북도,울진군,후정해수욕장
경상북도,울진군,후포 등기산 공원
경상북도,울진군,후포갓바위전망대
경상북도,울진군,후포항
경상북도,울진군,후포해수욕장
경상북도,울릉군,관음도
경상북도,울릉군,나리야영장
경상북도,울릉군,독도
경상북도,울릉군,독도 및 해돋이관광 케이블카
경상북도,울릉군,독도박물관
경상북도,울릉군,봉래폭포
경상북도,울릉군,죽도
경상북도,울릉군,태하향목관광 모노레일
광주광역시,동구,곰적골
광주광역시,동구,광주광역시 5.18민주화운동기록관
광주광역시,동구,무등산국립공원(동적골)
광주광역시,동구,무등산국립공원(장원봉제1진입로)
광주광역시,동구,무등산국립공원(제1수원지)
광주광역시,동구,무등산국립공원(제2수원지)
광주광역시,동구,무등산국립공원(주차장~옛길)
광주광역시,동구,무등산국립공원(증심사방향1)
광주광역시,동구,무등산국립공원(증심사방향2)
광주광역시,동구,무등산국립공원(증심사상가방향1)
광주광역시,동구,무등산국립공원(증심사상가방향2)
광주광역시,동구,무등산국립공원(증심사차량통제소)
광주광역시,동구,무등산국립공원(증심상가)
광주광역시,동구,무등산국립공원(지산유원지)
광주광역시,동구,지산유원지
광주광역시,동구,지원정수장
광주광역시,서구,5.18기념공원
광주광역시,서구,광주학생독립운동기념회관
광주광역시,서구,하정웅미술관
광주광역시,남구,고싸움놀이테마파크
광주광역시,남구,광주공원
광주광역시,남구,빛고을공예창작촌
광주광역시,남구,사직공원
광주광역시,남구,승촌보야영장
광주광역시,남구,영산강문화관
광주광역시,남구,이장우가옥
광주광역시,남구,펭귄마을
광주광역시,남구,포충사
광주광역시,북구,5.18묘역
광주광역시,북구,광주문화예술회관
광주광역시,북구,광주시민의숲 야영장
광주광역시,북구,국립광주과학관
광주광역시,북구,국립광주박물관
광주광역시,북구,무등산공원
광주광역시,북구,무등산국립공원(각화제)
광주광역시,북구,무등산국립공원(원효분소차단기1)
광주광역시,북구,무등산국립공원(원효분소차단기2)
광주광역시,북구,무등산국립공원(원효사상가~꼬막재방향)
광주광역시,북구,무등산국립공원(원효사상가~제철유적지방향)
광주광역시,북구,무등산국립공원(원효사위)
광주광역시,북구,무등산국립공원(원효사주차장~옛길)
광주광역시,북구,무등산국립공원(원효사차량통제소)
광주광역시,북구,무등산국립공원(인공폭포)
광주광역시,북구,무등산국립공원(장원봉제2진입로)
광주광역시,북구,무등산국립공원(청풍쉼터)
광주광역시,북구,무등산국립공원(청풍탐방지원센터)
광주광역시,북구,무등산국립공원(풍암제)
광주광역시,북구,시립미술관(중외공원)
광주광역시,북구,시립민속박물관
광주광역시,북구,우치공원(동물원)
광주광역시,북구,우치공원(패밀리랜드)
광주광역시,북구,호수생태공원
광주광역시,광산구,어등산
부산광역시,중구,용두산공원
부산광역시,서구,송도구름산책로
부산광역시,영도구,태종대 관광지
부산광역시,부산진구,어린이대공원
부산광역시,동래구,이주홍 문학관
부산광역시,동래구,충렬사
부산광역시,남구,UN기념공원
부산광역시,남구,부산시립박물관
부산광역시,북구,구포국수체험관
부산광역시,북구,구포어린이교통공원
부산광역시,북구,기후변화체험관
부산광역시,북구,문화빙상센터
부산광역시,해운대구,M.Do 관광호텔
부산광역시,해운대구,노보텔부산
부산광역시,해운대구,누리마루 APEC하우스
부산광역시,해운대구,부산시립미술관
부산광역시,해운대구,부산아쿠아리움
부산광역시,해운대구,부산웨스턴조선호텔
부산광역시,해운대구,송정관광호텔
부산광역시,해운대구,파라다이스호텔부산
부산광역시,해운대구,해운대 글로리콘도
부산광역시,해운대구,해운대 한화리조트 부산
부산광역시,해운대구,해운대관광특구(해운대구)
부산광역시,해운대구,해운대그랜드호텔
부산광역시,해운대구,호텔일루아
부산광역시,사하구,감천문화마을
부산광역시,사하구,다대포 해수욕장
부산광역시,금정구,금정산성
부산광역시,금정구,범어사
부산광역시,금정구,스포원
부산광역시,강서구,한국마사회 렛츠런파크 부산경남
부산광역시,수영구,광안리 해수욕장
부산광역시,수영구,금련산 청소년수련소
부산광역시,기장군,국립부산과학관
부산광역시,기장군,아홉산숲
부산광역시,기장군,일광 해수욕장
부산광역시,기장군,해동용궁사
대전광역시,동구,만인산자연휴양림
대전광역시,동구,상소오토캠핑장
대전광역시,동구,세천유원지
대전광역시,동구,식장산
대전광역시,동구,우암사적공원
대전광역시,동구,찬샘마을
대전광역시,동구,코스모스관광호텔
대전광역시,동구,태웅관광호텔
대전광역시,동구,한밭교육박물관
대전광역시,동구,한일관광호텔
대전광역시,중구,대전 아쿠아월드
대전광역시,중구,대전오월드
대전광역시,중구,보문산
대전광역시,중구,뿌리공원
대전광역시,서구,남선공원종합체육관
대전광역시,서구,대전시립미술관
대전광역시,서구,대전예술의전당
대전광역시,서구,장태산 자연휴양림
대전광역시,서구,장태산자연휴양림
대전광역시,서구,한밭수목원
대전광역시,유성구,㈜제이에이치레전드호텔
대전광역시,유성구,계룡산 수통골
대전광역시,유성구,계룡스파텔 대온천탕
대전광역시,유성구,국립중앙과학관
대전광역시,유성구,국립현충원
대전광역시,유성구,꿈돌이랜드
대전광역시,유성구,대전시민천문대
대전광역시,유성구,대전어린이회관
대전광역시,유성구,솔로몬 로파크
대전광역시,유성구,엑스포과학공원
대전광역시,유성구,유성유스호스텔
대전광역시,유성구,유성코리아온천관광호텔
대전광역시,유성구,유성호텔
대전광역시,유성구,지질박물관
대전광역시,유성구,호텔 인터시티
대전광역시,유성구,호텔리베라
대전광역시,유성구,호텔아드리아
대전광역시,유성구,홍인관광호텔
대전광역시,유성구,화폐박물관
대전광역시,대덕구,대청호
대전광역시,대덕구,로하스가족공원 캠핑장
대전광역시,대덕구,장동삼림욕장
부산광역시,중구,용두산공원
부산광역시,서구,송도구름산책로
부산광역시,영도구,태종대 관광지
부산광역시,부산진구,어린이대공원
부산광역시,동래구,이주홍 문학관
부산광역시,동래구,충렬사
부산광역시,남구,UN기념공원
부산광역시,남구,부산시립박물관
부산광역시,북구,구포국수체험관
부산광역시,북구,구포어린이교통공원
부산광역시,북구,기후변화체험관
부산광역시,북구,문화빙상센터
부산광역시,해운대구,M.Do 관광호텔
부산광역시,해운대구,노보텔부산
부산광역시,해운대구,누리마루 APEC하우스
부산광역시,해운대구,부산시립미술관
부산광역시,해운대구,부산아쿠아리움
부산광역시,해운대구,부산웨스턴조선호텔
부산광역시,해운대구,송정관광호텔
부산광역시,해운대구,파라다이스호텔부산
부산광역시,해운대구,해운대 글로리콘도
부산광역시,해운대구,해운대 한화리조트 부산
부산광역시,해운대구,해운대관광특구(해운대구)
부산광역시,해운대구,해운대그랜드호텔
부산광역시,해운대구,호텔일루아
부산광역시,사하구,감천문화마을
부산광역시,사하구,다대포 해수욕장
부산광역시,금정구,금정산성
부산광역시,금정구,범어사
부산광역시,금정구,스포원
부산광역시,강서구,한국마사회 렛츠런파크 부산경남
부산광역시,수영구,광안리 해수욕장
부산광역시,수영구,금련산 청소년수련소
부산광역시,기장군,국립부산과학관
부산광역시,기장군,아홉산숲
부산광역시,기장군,일광 해수욕장
부산광역시,기장군,해동용궁사
서울특별시,종로구,경복궁
서울특별시,종로구,경희궁
서울특별시,종로구,서울역사박물관
서울특별시,종로구,운현궁
서울특별시,종로구,종묘
서울특별시,종로구,창경궁
서울특별시,종로구,창덕궁
서울특별시,종로구,청와대사랑채
서울특별시,중구,남산골한옥마을
서울특별시,중구,덕수궁
서울특별시,중구,서울시립미술관 본관
서울특별시,용산구,국립중앙박물관
서울특별시,동대문구,서울약령시 한의약박물관
서울특별시,동대문구,세종대왕기념관
서울특별시,노원구,태릉 ·  강릉 · 조선왕릉전시관
서울특별시,서대문구,서대문자연사박물관
서울특별시,서대문구,서대문형무소역사관
서울특별시,마포구,트릭아이미술관
서울특별시,서초구,헌릉ㆍ인릉
서울특별시,강남구,선릉·정릉
서울특별시,송파구,롯데월드
서울특별시,송파구,서울스카이
서울특별시,송파구,아쿠아리움
세종특별자치시,세종특별자치시,IMG 내셔날
세종특별자치시,세종특별자치시,금이성
세종특별자치시,세종특별자치시,베어트리파크
세종특별자치시,세종특별자치시,산림박물관
세종특별자치시,세종특별자치시,영평사
세종특별자치시,세종특별자치시,영평사템플스테이
세종특별자치시,세종특별자치시,운주산성
세종특별자치시,세종특별자치시,합강공원 오토캠핑장
울산광역시,중구,수운 최제우 유허지
울산광역시,중구,약사동제방유적전시관 
울산광역시,중구,외솔생가 및 기념관
울산광역시,중구,울산 동헌 및 내아
울산광역시,중구,태화강 십리대숲
울산광역시,중구,태화강대공원
울산광역시,중구,태화루
울산광역시,중구,학성공원
울산광역시,남구,SK에너지 울산Complex 견학
울산광역시,남구,고래바다여행선
울산광역시,남구,고래박물관
울산광역시,남구,고래생태체험관
울산광역시,남구,롯데호텔울산
울산광역시,남구,올림피아관광호텔
울산광역시,남구,울산대공원
울산광역시,남구,"울산대공원 유료시설(장미계곡,나비원, 골프장)"
울산광역시,남구,울산박물관
울산광역시,남구,장생포 고래문화마을
울산광역시,남구,태화강 동굴피아
울산광역시,남구,태화관광호텔
울산광역시,동구,굿모닝호텔
울산광역시,동구,대왕암공원
울산광역시,동구,소리체험관
울산광역시,동구,슬도
울산광역시,동구,옥류천이야기길
울산광역시,동구,울산대교 전망대
울산광역시,동구,울산테마식물수목원
울산광역시,동구,일산해수욕장
울산광역시,동구,주전 해수욕장
울산광역시,동구,현대중공업
울산광역시,동구,호텔현대울산
울산광역시,북구,강동사랑길 2구간
울산광역시,북구,강동해변
울산광역시,북구,당사해양낚시공원
울산광역시,북구,편백산림욕장
울산광역시,북구,현대자동차(주)울산공장
울산광역시,울주군,간절곶 공원
울산광역시,울주군,간절곶 등대
울산광역시,울주군,국제클라이밍센터
울산광역시,울주군,대운산계곡
울산광역시,울주군,두동면 천전리 각석
울산광역시,울주군,반구대
울산광역시,울주군,반구대 암각화
울산광역시,울주군,번개맨 우주센터
울산광역시,울주군,서생포 왜성
울산광역시,울주군,석남사
울산광역시,울주군,선바위
울산광역시,울주군,신불산 폭포 자연휴양림
울산광역시,울주군,영남알프스 1(배내고개 등산로)
울산광역시,울주군,영남알프스 2(배내골 사슴목장 등산로)
울산광역시,울주군,영남알프스 3(석남사 주차장(상단) 등산로)
울산광역시,울주군,영남알프스 4(복합웰컴센터 등산로(간월산장))
울산광역시,울주군,영남알프스레져
울산광역시,울주군,옹기박물관
울산광역시,울주군,외고산옹기마을
울산광역시,울주군,외고산옹기마을 아카데미관
울산광역시,울주군,울산대곡박물관
울산광역시,울주군,울산암각화박물관
울산광역시,울주군,울산해양박물관
울산광역시,울주군,작천정
울산광역시,울주군,진하 해수욕장
울산광역시,울주군,충렬공박제상기념관
인천광역시,중구,개항장 역사문화의거리
인천광역시,중구,무의도
인천광역시,중구,문화의거리
인천광역시,중구,북성포구
인천광역시,중구,송월동화마을 트릭아트스토리
인천광역시,중구,신포문화의거리
인천광역시,중구,실미해수욕장
인천광역시,중구,씨사이드파크 레일바이크
인천광역시,중구,연안부두 유람선
인천광역시,중구,연안부두 해양광장
인천광역시,중구,영종도 백운산
인천광역시,중구,영종역사관
인천광역시,중구,월미공원
인천광역시,중구,월미도 유람선
인천광역시,중구,월미산
인천광역시,중구,을왕해수욕장
인천광역시,중구,인천개항장 근대건축전시관
인천광역시,중구,인천근대박물관
인천광역시,중구,인천대교기념관
인천광역시,중구,인천학생과학관
인천광역시,중구,인천항 갑문
인천광역시,중구,자유공원
인천광역시,중구,재미난 박물관
인천광역시,중구,중구생활사전시관
인천광역시,중구,짜장면박물관
인천광역시,중구,차이나타운
인천광역시,중구,하나개해수욕장
인천광역시,중구,한국이민사박물관
인천광역시,중구,호룡곡산
인천광역시,동구,수도국산달동네박물관
인천광역시,동구,실감콘텐츠체험관 탐
인천광역시,동구,작약도(물치섬)
인천광역시,동구,작은미술관
인천광역시,미추홀구,문학산성
인천광역시,미추홀구,범패 박물관
인천광역시,미추홀구,송암 미술관
인천광역시,미추홀구,인천도호부청사
인천광역시,미추홀구,인천어린이 박물관
인천광역시,연수구,가스과학관
인천광역시,연수구,가천박물관
인천광역시,연수구,송도유원지
인천광역시,연수구,인천광역시립박물관
인천광역시,연수구,인천도시역사관
인천광역시,연수구,인천상륙작전기념관
인천광역시,남동구, 소래철교
인천광역시,남동구,다문화체험관
인천광역시,남동구,소래습지생태공원
인천광역시,남동구,소래습지생태공원전시관
인천광역시,남동구,소래역사관
인천광역시,남동구,소래포구
인천광역시,남동구,애보 박물관
인천광역시,남동구,애보박물관
인천광역시,남동구,인천대공원
인천광역시,남동구,파이관광호텔
인천광역시,부평구,기후변화체험관
인천광역시,부평구,부평아트센터
인천광역시,부평구,부평역사박물관
인천광역시,부평구,안전체험관
인천광역시,부평구,인천나비공원
인천광역시,부평구,한국선교역사
인천광역시,계양구,계양산
인천광역시,계양구,인천어린이과학관
인천광역시,서구,검단 선사박물관
인천광역시,서구,녹청자박물관
인천광역시,서구,세어도
인천광역시,강화군,강화 농경문화관
인천광역시,강화군,강화갯벌센터
인천광역시,강화군,강화고인돌
인천광역시,강화군,강화관광플랫폼
인천광역시,강화군,강화나들길(1코스~8코스)
인천광역시,강화군,강화석모도 미네랄 온천
인천광역시,강화군,강화역사박물관
인천광역시,강화군,강화자연사박물관
인천광역시,강화군,강화전적지5개소
인천광역시,강화군,강화전적지정화기념비
인천광역시,강화군,강화평화전망대
인천광역시,강화군,강화화문석문화관
인천광역시,강화군,동막해변
인천광역시,강화군,마니산
인천광역시,강화군,보문사
인천광역시,강화군,석모도 자연휴양림
인천광역시,강화군,소창체험관
인천광역시,강화군,옥토끼우주센터
인천광역시,강화군,전등사
인천광역시,강화군,함허동천
인천광역시,옹진군,대청면
인천광역시,옹진군,덕적면
인천광역시,옹진군,백령면
인천광역시,옹진군,북도면
인천광역시,옹진군,서포리 해수욕장
인천광역시,옹진군,에너지파크
인천광역시,옹진군,연평면
인천광역시,옹진군,영흥에너지파크
인천광역시,옹진군,자월면
전라남도,목포시,1987 영화촬영지
전라남도,목포시,가톨릭 목포 성지
전라남도,목포시,고하도 용오름길
전라남도,목포시,국립해양문화재연구소
전라남도,목포시,김대중노벨평화상기념관
전라남도,목포시,남농기념관
전라남도,목포시,노을전망대
전라남도,목포시,노적봉예술공원 미술관
전라남도,목포시,동본원사
전라남도,목포시,목포 국제스포츠클라이밍센터
전라남도,목포시,목포갓바위
전라남도,목포시,목포국제축구센터
전라남도,목포시,목포근대역사관Ⅰ·Ⅱ관
전라남도,목포시,목포문학관
전라남도,목포시,목포시민문화체육센터
전라남도,목포시,목포시청소년수련원
전라남도,목포시,목포실내수영장
전라남도,목포시,목포요트마리나
전라남도,목포시,목포유람선
전라남도,목포시,목포자연사박물관
전라남도,목포시,목포해양수산복합센터
전라남도,목포시,부주산국제파크골프장
전라남도,목포시,부흥산 둘레길
전라남도,목포시,북항회센터
전라남도,목포시,사랑의섬외달도
전라남도,목포시,삼학도카누캠프
전라남도,목포시,성옥기념관
전라남도,목포시,시민의 종
전라남도,목포시,양을산 산림욕장
전라남도,목포시,어린이바다과학관
전라남도,목포시,어민 동산
전라남도,목포시,영산호 카누경기장
전라남도,목포시,유달산 달성공원
전라남도,목포시,유달산 유달공원
전라남도,목포시,유달산둘레길
전라남도,목포시,유달유원지
전라남도,목포시,입암산 둘레숲길
전라남도,목포시,조각 공원
전라남도,목포시,춤추는 바다분수
전라남도,목포시,평화광장
전라남도,여수시,(주)여수예술랜드
전라남도,여수시,2012 여수 세계박람회 홍보관
전라남도,여수시,LG화학 산단투어
전라남도,여수시,gs칼텍스산단투어
전라남도,여수시,거문도
전라남도,여수시,거문도.백도
전라남도,여수시,경도골프장
전라남도,여수시,굴전여가캠핑장
전라남도,여수시,금오도
전라남도,여수시,남해화학산단투어
전라남도,여수시,돌산(대교)공원
전라남도,여수시,돌산공원(여수해상케이블카)
전라남도,여수시,디오션골프장
전라남도,여수시,디오션리조트 워터파크
전라남도,여수시,만성리검은모래해변
전라남도,여수시,모사금해수욕장
전라남도,여수시,방죽포해수욕장
전라남도,여수시,봉황산자연휴양림
전라남도,여수시,북한반잠수정
전라남도,여수시,"사도,낭도"
전라남도,여수시,소호요트장
전라남도,여수시,손양원목사기념관
전라남도,여수시,송시마을체험장
전라남도,여수시,시티파크골프장
전라남도,여수시,신덕해수욕장
전라남도,여수시,아쿠아플라넷여수
전라남도,여수시,엑스포해양공원(EDG)
전라남도,여수시,엑스포해양공원(빅오쇼)
전라남도,여수시,엑스포해양공원(스카이타워)
전라남도,여수시,여수민속전시관
전라남도,여수시,여수산업단지(신덕해수욕장)
전라남도,여수시,여수승마장
전라남도,여수시,여수하멜전시관
전라남도,여수시,여수해양레일바이크
전라남도,여수시,"여자만(시티투어,갯벌체험)"
전라남도,여수시,여천눈썰매장에코힐즈
전라남도,여수시,예울마루
전라남도,여수시,오동도
전라남도,여수시,웅천친수공원해변
전라남도,여수시,유람선(사도코스)
전라남도,여수시,유람선(오동도 코스)
전라남도,여수시,유람선(향일암코스)
전라남도,여수시,장등해수욕장
전라남도,여수시,전라남도 수산종합관
전라남도,여수시,전라좌수영거북선
전라남도,여수시,진남관
전라남도,여수시,하화도
전라남도,여수시,향일암
전라남도,여수시,"화양, 장등지구"
전라남도,여수시,흥국사
전라남도,순천시,거차 뻘배 체험장
전라남도,순천시,고인돌공원
전라남도,순천시,그림책도서관
전라남도,순천시,기독교역사박물관
전라남도,순천시,기적의도서관
전라남도,순천시,낙안민속자연휴양림
전라남도,순천시,낙안온천
전라남도,순천시,낙안읍성민속마을
전라남도,순천시,낙안자연휴양림
전라남도,순천시,레이크힐스 골프장
전라남도,순천시,물사랑 학습 체험관
전라남도,순천시,방원공룡박물관
전라남도,순천시,부영컨트리클럽
전라남도,순천시,빅토리아하우스
전라남도,순천시,선암사
전라남도,순천시,송광사
전라남도,순천시,순천 드라마 촬영장
전라남도,순천시,순천만국가정원·순천만습지
전라남도,순천시,순천만정원
전라남도,순천시,순천문화건강센터 수영장
전라남도,순천시,순천문화예술회관 
전라남도,순천시,순천생태마을
전라남도,순천시,순천시립뿌리깊은나무박물관
전라남도,순천시,순천시청소년수련원
전라남도,순천시,순천용오름마을
전라남도,순천시,순천자연휴양림
전라남도,순천시,순천철도마을박물관
전라남도,순천시,순천컨트리클럽
전라남도,순천시,순천향매실마을
전라남도,순천시,승주CC
전라남도,순천시,어린이교통공원
전라남도,순천시,업사이클센터더새롬
전라남도,순천시,에코촌유스호스텔
전라남도,순천시,전통야생차체험관
전라남도,순천시,청춘창고
전라남도,순천시,파인힐스골프장
전라남도,순천시,팔마실내수영장
전라남도,나주시,골드레이크CC
전라남도,나주시,국립나주박물관
전라남도,나주시,국제농업박람회장
전라남도,나주시,금성관
전라남도,나주시,금성산 둘레길
전라남도,나주시,금성산권
전라남도,나주시,나주CC
전라남도,나주시,나주목사내아
전라남도,나주시,나주읍성권
전라남도,나주시,나주학생독립운동기념관
전라남도,나주시,나주호권
전라남도,나주시,나주힐스CC
전라남도,나주시,반남고분군
전라남도,나주시,배과수원권
전라남도,나주시,복암리 고분전시관
전라남도,나주시,부영CC
전라남도,나주시,불회사 입구
전라남도,나주시,빛가람전망대
전라남도,나주시,영산강권
전라남도,나주시,영상테마파크
전라남도,나주시,전라남도 산림자원연구소
전라남도,나주시,중흥골드스파
전라남도,나주시,지석강
전라남도,나주시,천연염색박물관
전라남도,나주시,해피니스CC
전라남도,나주시,황포돛배
전라남도,광양시,고사마을
전라남도,광양시,광양실내수영장
전라남도,광양시,광양에코파크
전라남도,광양시,광양역사문화관
전라남도,광양시,광양와인동굴
전라남도,광양시,광양제철소
전라남도,광양시,광양컨트리클럽
전라남도,광양시,광양항컨테이너부두
전라남도,광양시,구봉산전망대
전라남도,광양시,국사봉 사계절썰매장
전라남도,광양시,김시식지
전라남도,광양시,느랭이골자연휴양림
전라남도,광양시,도선국사마을
전라남도,광양시,매천 황현선생 생가
전라남도,광양시,메아리마을
전라남도,광양시,백운산
전라남도,광양시,백운산 4대계곡
전라남도,광양시,백운산 자연휴양림
전라남도,광양시,백운산등산로
전라남도,광양시,백운산마을
전라남도,광양시,백학동마을
전라남도,광양시,봉강햇살촌
전라남도,광양시,사라실 라벤더 치유정원
전라남도,광양시,섬진강 자전거길(섬진강 100리 테마로드)
전라남도,광양시,옥룡사지
전라남도,광양시,옥룡사지 동백나무 숲
전라남도,광양시,윤동주 유고 보존 정병욱 가옥 
전라남도,광양시,장도전수관(박물관)
전라남도,광양시,청매실농원
전라남도,광양시,형제의병장마을
전라남도,담양군,가마골생태공원
전라남도,담양군,곤충박물관
전라남도,담양군,관방제림
전라남도,담양군,금성산성
전라남도,담양군,담양 커피농장
전라남도,담양군,담양관광호텔
전라남도,담양군,담양온천
전라남도,담양군,담양호
전라남도,담양군,대나무골 테마공원
전라남도,담양군,라온야영장
전라남도,담양군,레이나CC
전라남도,담양군,메타세쿼이아가로수길
전라남도,담양군,메타프로방스
전라남도,담양군,면앙정
전라남도,담양군,명옥헌원림
전라남도,담양군,병풍산
전라남도,담양군,소쇄원
전라남도,담양군,송강정
전라남도,담양군,송학민속체험랜드
전라남도,담양군,식영정
전라남도,담양군,용마루길
전라남도,담양군,용흥사
전라남도,담양군,죽녹원
전라남도,담양군,죽향컨트리클럽
전라남도,담양군,창평슬로시티
전라남도,담양군,추억의골목
전라남도,담양군,추원산 골드캠핑장
전라남도,담양군,추월산
전라남도,담양군,한국가사문학관
전라남도,담양군,한국대나무박물관
전라남도,담양군,한재골
전라남도,곡성군,관음사
전라남도,곡성군,광주CC
전라남도,곡성군,농촌체험학교
전라남도,곡성군,대황강 출렁다리
전라남도,곡성군,도깨비마을
전라남도,곡성군,도림사
전라남도,곡성군,도림사관광단지
전라남도,곡성군,무창 농촌체험 휴양마을
전라남도,곡성군,봉조 농촌체험 휴양마을
전라남도,곡성군,상한 농촌체험 휴양마을
전라남도,곡성군,섬진강 기차마을
전라남도,곡성군,섬진강 레일바이크
전라남도,곡성군,섬진강 천문대
전라남도,곡성군,섬진강자연학습원
전라남도,곡성군,성륜사
전라남도,곡성군,심청문화센터
전라남도,곡성군,압록유원지
전라남도,곡성군,옥과미술관
전라남도,곡성군,외가집체험마을
전라남도,곡성군,용산재
전라남도,곡성군,자연생태공원
전라남도,곡성군,조태일시문학기념관
전라남도,곡성군,죽산 농촌체험 휴양마을
전라남도,곡성군,청계동계곡
전라남도,곡성군,청소년야영장
전라남도,곡성군,침실습지
전라남도,곡성군,태안사
전라남도,구례군,The-K 지리산가족호텔(온천이용)
전라남도,구례군,구례군청소년수련관
전라남도,구례군,구례자연드림파크
전라남도,구례군,농협중앙회구례연수원
전라남도,구례군,산수유마을
전라남도,구례군,산수유사랑공원
전라남도,구례군,섬진강래프팅
전라남도,구례군,섬진강어류생태관
전라남도,구례군,수락폭포
전라남도,구례군,야생화자연생태학습장
전라남도,구례군,야생화테마랜드
전라남도,구례군,오산사성암
전라남도,구례군,운조루
전라남도,구례군,운조루유물전시관
전라남도,구례군,지리산국립공원(노고단)
전라남도,구례군,지리산국립공원(연곡사)
전라남도,구례군,지리산국립공원(천은사)
전라남도,구례군,지리산국립공원(화엄사)
전라남도,구례군,지리산생태탐방연수원
전라남도,구례군,지리산수상랜드
전라남도,구례군,지리산온천
전라남도,구례군,지리산온천랜드(온천이용)
전라남도,구례군,지리산치즈랜드
전라남도,구례군,지리산학생수련장
전라남도,구례군,피아골
전라남도,고흥군,거금생태숲
전라남도,고흥군,거금해양낚시공원
전라남도,고흥군,고흥분청문화박물관
전라남도,고흥군,고흥우주천문과학관
전라남도,고흥군,국립고흥청소년우주체험센터
전라남도,고흥군,김일 기념관
전라남도,고흥군,나로도
전라남도,고흥군,나로우주과학관
전라남도,고흥군,녹동항 인공섬
전라남도,고흥군,다도해상국립공원 팔영지구
전라남도,고흥군,두방산
전라남도,고흥군,마복산
전라남도,고흥군,마복산목재문화체험장
전라남도,고흥군,발포역사전시체험관
전라남도,고흥군,봉래산
전라남도,고흥군,봉황산
전라남도,고흥군,소록도
전라남도,고흥군,소록도(한센인박물관)
전라남도,고흥군,시호도
전라남도,고흥군,애도
전라남도,고흥군,앵무새 체험장
전라남도,고흥군,연홍미술관
전라남도,고흥군,용바위공원
전라남도,고흥군,우주발사전망대
전라남도,고흥군,적대봉
전라남도,고흥군,천등산
전라남도,고흥군,팔영산
전라남도,고흥군,팔영산 편백치유의숲
전라남도,고흥군,팔영산자연휴양림
전라남도,고흥군,해창만 오토캠핑장
전라남도,보성군,강골전통마을
전라남도,보성군,대한다원
전라남도,보성군,득량만 바다낚시공원
전라남도,보성군,미력옹기
전라남도,보성군,방진관
전라남도,보성군,벌교금융조합
전라남도,보성군,보성CC
전라남도,보성군,보성군 녹차밭
전라남도,보성군,보성군 대원사
전라남도,보성군,보성군 티벳박물관
전라남도,보성군,보성군백민미술관
전라남도,보성군,보성비봉공룡공원
전라남도,보성군,소설태백산맥무대
전라남도,보성군,웅치일림산철쭉군락지
전라남도,보성군,율포관광단지해수욕장
전라남도,보성군,율포해수녹차센터
전라남도,보성군,율포해수풀장
전라남도,보성군,일림산 입구
전라남도,보성군,제암산 자연휴양림
전라남도,보성군,천연염색공예관
전라남도,보성군,태백산맥문학관
전라남도,보성군,한국차박물관
전라남도,화순군,PGA골프장
전라남도,화순군,공룡발자국화석지
전라남도,화순군,금호화순리조트(아쿠아나)
전라남도,화순군,남광주컨트리클럽
전라남도,화순군,도곡가족스파랜드(주)
전라남도,화순군,도곡미송온천
전라남도,화순군,도곡온천
전라남도,화순군,도곡온천단지
전라남도,화순군,무등산 컨트리클럽
전라남도,화순군,무등산 편백자연휴양림
전라남도,화순군,무등산국립공원(교리)
전라남도,화순군,무등산국립공원(너릿재)
전라남도,화순군,무등산국립공원(도원마을)
전라남도,화순군,무등산국립공원(들국화마을)
전라남도,화순군,무등산국립공원(만연사)
전라남도,화순군,무등산국립공원(상상수목원)
전라남도,화순군,무등산국립공원(안양산)
전라남도,화순군,무등산국립공원(장불재)
전라남도,화순군,무등산국립공원(큰재)
전라남도,화순군,백아산자연휴양림
전라남도,화순군,쌍봉사
전라남도,화순군,오지호기념관
전라남도,화순군,운주사
전라남도,화순군,유마사
전라남도,화순군,정암조광조선생적려유허비
전라남도,화순군,조아벨리 컨트리클럽
전라남도,화순군,충의사
전라남도,화순군,하니움문화스포츠센터
전라남도,화순군,한천자연휴양림
전라남도,화순군,화순고인돌공원
전라남도,화순군,화순랜드
전라남도,화순군,화순온천
전라남도,화순군,화순적벽
전라남도,화순군,화순컨트리클럽
전라남도,장흥군,JNJ골프리조트
전라남도,장흥군,방촌유물전시관
전라남도,장흥군,보림사
전라남도,장흥군,수문해수욕장
전라남도,장흥군,심천공원 오토 캠핑장
전라남도,장흥군,옥섬워터파크
전라남도,장흥군,유치자연휴양림
전라남도,장흥군,정남진 물 과학관
전라남도,장흥군,정남진 전망대
전라남도,장흥군,정남진 천문과학관
전라남도,장흥군,정남진 토요시장
전라남도,장흥군,정남진해양낚시공원
전라남도,장흥군,제암산(장흥군)
전라남도,장흥군,천관산
전라남도,장흥군,천관산자연휴양림
전라남도,장흥군,편백숲 우드랜드
전라남도,강진군,가우도
전라남도,강진군,강진군고려청자도요지(구 청자도요지)
전라남도,강진군,강진만 생태공원
전라남도,강진군,남미륵사
전라남도,강진군,다산초당
전라남도,강진군,무위사
전라남도,강진군,백련사
전라남도,강진군,백운동 별서정원
전라남도,강진군,석문공원
전라남도,강진군,영랑생가
전라남도,강진군,월출산국립공원(금릉경포대)
전라남도,강진군,전라병영성(하멜표류지)
전라남도,해남군,가학산자연휴양림
전라남도,해남군,고산윤선도유적지
전라남도,해남군,금강골
전라남도,해남군,달마사 미황사
전라남도,해남군,대흥사
전라남도,해남군,두륜미로파크
전라남도,해남군,두륜산 오소재 약수터
전라남도,해남군,두륜산 케이블카
전라남도,해남군,두륜산도립공원
전라남도,해남군,땅끝 오토캠핑장
전라남도,해남군,땅끝관광지
전라남도,해남군,미황사&달마고도
전라남도,해남군,사구미해수욕장
전라남도,해남군,송평해수욕장
전라남도,해남군,송호해수욕장
전라남도,해남군,오시아노 캠핑장
전라남도,해남군,우수영
전라남도,해남군,우항리공룡박물관
전라남도,해남군,파인비치 골프링크스
전라남도,영암군,도갑사
전라남도,영암군,도기박물관
전라남도,영암군,마한문화공원
전라남도,영암군,성기동관광지
전라남도,영암군,아크로컨트리클럽
전라남도,영암군,영산재 한옥호텔
전라남도,영암군,영산호관광농업박물관
전라남도,영암군,월출산국립공원(천황)
전라남도,영암군,월출산온천
전라남도,영암군,호텔현대
전라남도,무안군,남도소리울림터
전라남도,무안군,도리포유원지
전라남도,무안군,목포대학교 박물관
전라남도,무안군,못난이미술관
전라남도,무안군,무안생태갯벌센터
전라남도,무안군,무안종합스포츠파크
전라남도,무안군,무안컨트리클럽
전라남도,무안군,무안클린밸리CC
전라남도,무안군,분청사기명장전시관
전라남도,무안군,송계어촌체험 관광마을
전라남도,무안군,승달문화예술회관
전라남도,무안군,승달산
전라남도,무안군,약초골 한옥마을
전라남도,무안군,오승우미술관
전라남도,무안군,월선체험 휴양마을
전라남도,무안군,장보고 전망대
전라남도,무안군,조금나루유원지
전라남도,무안군,초의선사유적지
전라남도,무안군,테마승마장
전라남도,무안군,톱머리해수욕장
전라남도,무안군,파도목장
전라남도,무안군,항공우주전시장
전라남도,무안군,홀통유원지
전라남도,무안군,회산백련지
전라남도,함평군,돌머리해수욕장
전라남도,함평군,용천사꽃무릇공원
전라남도,함평군,일강김철선생기념관
전라남도,함평군,함평생활유물전시관
전라남도,함평군,함평양서파충류생태공원
전라남도,함평군,함평엑스포공원
전라남도,함평군,함평자연생태공원
전라남도,영광군,가마미해수욕장
전라남도,영광군,기독교순교지
전라남도,영광군,기독교인순교지기념탑
전라남도,영광군,백수노을전시관
전라남도,영광군,백수해안일주도로
전라남도,영광군,백제불교 최초도래지
전라남도,영광군,백제불교최초도래지
전라남도,영광군,법성포
전라남도,영광군,불갑사 관광지
전라남도,영광군,불갑사관광지
전라남도,영광군,불갑저수지수변공원
전라남도,영광군,에콜리안cc 영광
전라남도,영광군,영광 스포티움
전라남도,영광군,영광 해수온천랜드
전라남도,영광군,영광군 영광승마장
전라남도,영광군,영광군 청소년 수련원
전라남도,영광군,영광예술의전당
전라남도,영광군,원불교 영산성지
전라남도,영광군,원불교영산성지
전라남도,영광군,장암산 철쭉공원
전라남도,영광군,천주교 순교지
전라남도,영광군,칠산타워
전라남도,영광군,한빛원자력 발전소 홍보관
전라남도,영광군,홍농 가마미 해수욕장
전라남도,장성군,내장산국립공원(남창계곡)
전라남도,장성군,내장산국립공원(백양사)
전라남도,장성군,방장산휴양림
전라남도,장성군,장성호 문화예술공원
전라남도,장성군,장성호 수변길
전라남도,장성군,장성호관광지
전라남도,장성군,축령산휴양림
전라남도,장성군,필암서원
전라남도,장성군,홍길동생가터
전라남도,장성군,홍길동테마파크
전라남도,완도군,가고싶은 섬 생일도
전라남도,완도군,가고싶은섬 소안도
전라남도,완도군,금곡해수욕장
전라남도,완도군,금당 팔경
전라남도,완도군,금당팔경
전라남도,완도군,금일해당화해변
전라남도,완도군,너구리의고장 평일도
전라남도,완도군,노화전복체험마을
전라남도,완도군,당사도 등대
전라남도,완도군,명사십리해수욕장
전라남도,완도군,미라리상록수림
전라남도,완도군,슬로시티청산도
전라남도,완도군,신비의 섬 대모도
전라남도,완도군,예송리상록수림
전라남도,완도군,완도군어촌민속전시관
전라남도,완도군,완도타워
전라남도,완도군,윤선도유적지
전라남도,완도군,이충무공유적
전라남도,완도군,장보고기념관
전라남도,완도군,전라남도 수목원
전라남도,완도군,정도리구계등
전라남도,완도군,지리해수욕장
전라남도,완도군,청해진유적지(장도)
전라남도,완도군,해신세트장(불목리)
전라남도,완도군,해신세트장(소세포)
전라남도,진도군,관매8경
전라남도,진도군,국립남도국악원
전라남도,진도군,국립진도자연휴양림
전라남도,진도군,남도석성
전라남도,진도군,남도전통미술관
전라남도,진도군,녹진관광지
전라남도,진도군,동석산
전라남도,진도군,사천리상록수림
전라남도,진도군,세방일몰
전라남도,진도군,소전미술관
전라남도,진도군,신비의바닷길 체험관
전라남도,진도군,아리랑마을 관광지
전라남도,진도군,용장산성
전라남도,진도군,운림산방
전라남도,진도군,울돌목 판옥선
전라남도,진도군,장전미술관
전라남도,진도군,조도
전라남도,진도군,진도개테마파크
전라남도,진도군,진도대교
전라남도,진도군,진도신비의바닷길
전라남도,진도군,진도타워
전라남도,진도군,첨찰산
전라남도,진도군,해양생태관
전라남도,진도군,해양에너지공원
전라남도,진도군,향토문화회관
전라남도,신안군,가거도
전라남도,신안군,도초
전라남도,신안군,문준경전도사순교기념관
전라남도,신안군,비금도
전라남도,신안군,세일요트 체험장
전라남도,신안군,신의
전라남도,신안군,안좌도
전라남도,신안군,암태
전라남도,신안군,에로스서각박물관
전라남도,신안군,임자도
전라남도,신안군,자은도
전라남도,신안군,장산도
전라남도,신안군,증도
전라남도,신안군,증도갯벌생태전시관
전라남도,신안군,증도면 소금박물관
전라남도,신안군,증도면 짱뚱어다리
전라남도,신안군,천사섬 분재공원
전라남도,신안군,팔금도
전라남도,신안군,퍼플교
전라남도,신안군,하의
전라남도,신안군,홍도
전라남도,신안군,흑산도
전라북도,전주시,경기전
전라북도,전주시,국립전주박물관
전라북도,전주시,농촌진흥청 농업과학관
전라북도,전주시,덕진공원
전라북도,전주시,스파라쿠아 전주온천
전라북도,전주시,오목대
전라북도,전주시,전주동물원
전라북도,전주시,전주한벽문화관
전라북도,전주시,전주한옥레일바이크
전라북도,전주시,전주한지박물관
전라북도,전주시,팔복예술공장
전라북도,전주시,한국도로공사수목원
전라북도,군산시,경암동철길마을
전라북도,군산시,군산근대역사박물관
전라북도,군산시,군산새만금오토캠핑장
전라북도,군산시,군산새만금컨벤션센터
전라북도,군산시,군산컨트리클럽
전라북도,군산시,금강철새조망대
전라북도,군산시,금강호관광지
전라북도,군산시,금강호철새도래지
전라북도,군산시,새만금방조제(신시도)
전라북도,군산시,선유도
전라북도,군산시,월영봉
전라북도,군산시,은파유원지
전라북도,군산시,은파호수공원
전라북도,군산시,진포해양테마공원
전라북도,군산시,청암산
전라북도,군산시,청암산 오토캠핑장
전라북도,군산시,초원사진관
전라북도,군산시,테디베어박물관
전라북도,익산시,가람문학관
전라북도,익산시,금마관광지(서동공원)
전라북도,익산시,나바위성당
전라북도,익산시,마한박물관
전라북도,익산시,미륵사지
전라북도,익산시,성당포구마을(금강체험관)
전라북도,익산시,왕궁리유적전시관
전라북도,익산시,왕궁보석테마관광지(보석박물관) 
전라북도,익산시,왕궁보석테마관광지(화석전시관)
전라북도,익산시,웅포캠핑장
전라북도,익산시,원불교총부
전라북도,익산시,익산교도소세트장
전라북도,익산시,익산쌍능
전라북도,익산시,익산웅포지구관광지
전라북도,익산시,입점리고분전시관
전라북도,정읍시,국립전북기상과학관
전라북도,정읍시,김명관고택
전라북도,정읍시,꽃두레 행복마을 센터
전라북도,정읍시,내장산국립공원(정읍시)
전라북도,정읍시,내장산조각공원
전라북도,정읍시,동학농민혁명기념관
전라북도,정읍시,동학혁명유적지
전라북도,정읍시,무성서원
전라북도,정읍시,백정기의사기념관
전라북도,정읍시,산외한우마을
전라북도,정읍시,옥정호구절초테마공원
전라북도,정읍시,정읍 시립미술관
전라북도,정읍시,정읍 첨단과학관
전라북도,정읍시,정읍사공원
전라북도,정읍시,정읍시 내장산 국민여가캠핑장
전라북도,정읍시,정읍시립박물관
전라북도,정읍시,정읍천변 벚꽃길
전라북도,정읍시,칠보물테마유원지(전시관)
전라북도,정읍시,태산선비마을
전라북도,정읍시,피향정
전라북도,정읍시,향토문화사료관
전라북도,정읍시,황토현권역 어울림센터
전라북도,남원시,광한루원
전라북도,남원시,교룡산국민관광지
전라북도,남원시,국악의성지
전라북도,남원시,남원 백두대간 생태교육장 전시관
전라북도,남원시,남원관광지
전라북도,남원시,남원상록골프장
전라북도,남원시,남원시 옻칠공예관
전라북도,남원시,남원시립김병종미술관
전라북도,남원시,남원자연휴양림
전라북도,남원시,남원항공우주천문대
전라북도,남원시,만인의총
전라북도,남원시,수지미술관
전라북도,남원시,실상사
전라북도,남원시,지리산국립공원(남원시)
전라북도,남원시,지리산길(2~3코스)
전라북도,남원시,지리산허브밸리
전라북도,남원시,춘향테마파크
전라북도,남원시,혼불문학관
전라북도,김제시,금구냉굴
전라북도,김제시,김제 스파힐스 컨트리클럽
전라북도,김제시,김제문화예술회관
전라북도,김제시,"동헌, 내아"
전라북도,김제시,망해사
전라북도,김제시,모악랜드
전라북도,김제시,모악산도립공원
전라북도,김제시,백산관광대
전라북도,김제시,벽골제관광지
전라북도,김제시,벽골제수리민속유물전시관
전라북도,김제시,성모암
전라북도,김제시,심포횟집단지
전라북도,김제시,아리랑 문학마을
전라북도,김제시,아리랑문학관
전라북도,김제시,지평선마린리조트
전라북도,김제시,청운사
전라북도,완주군,경천애인농촌사랑학교
전라북도,완주군,고산자연휴양림
전라북도,완주군,고산창포마을
전라북도,완주군,공기마을 편백나무숲
전라북도,완주군,구이 안덕마을
전라북도,완주군,놀토피아
전라북도,완주군,대둔산도립공원(완주군)
전라북도,완주군,대둔산케이블카
전라북도,완주군,대승한지마을
전라북도,완주군,대아수목원
전라북도,완주군,대아저수지
전라북도,완주군,대한민국 술테마박물관
전라북도,완주군,동상운장산계곡
전라북도,완주군,두억 봉서골마을
전라북도,완주군,모악산도립공원(완주군)
전라북도,완주군,비봉 힐조타운
전라북도,완주군,삼례문화예술촌
전라북도,완주군,송광사
전라북도,완주군,이서물고기마을
전라북도,완주군,인덕두레마을
전라북도,완주군,전북도립미술관
전라북도,완주군,천호성지
전라북도,완주군,청정테마센터
전라북도,진안군,구봉산
전라북도,진안군,데미샘 자연휴양림
전라북도,진안군,마이산 도립공원
전라북도,진안군,백운동계곡
전라북도,진안군,용담댐
전라북도,진안군,운일암반일암관광지
전라북도,진안군,운장산자연휴양림
전라북도,진안군,진안가위박물관
전라북도,진안군,진안고원치유숲
전라북도,진안군,진안홍삼스파
전라북도,무주군,덕유산국립공원(구천동)
전라북도,무주군,덕유산국립공원(무주군)
전라북도,무주군,덕유산국립공원(적상산)
전라북도,무주군,덕유산국립공원(칠연지점)
전라북도,무주군,덕유산자연휴양림
전라북도,무주군,머루와인동굴
전라북도,무주군,무주덕유산리조트(레포츠)
전라북도,무주군,무주덕유산리조트(카니발)
전라북도,무주군,무주리조트 F&B
전라북도,무주군,무주리조트 숙박
전라북도,무주군,무주안성cc
전라북도,무주군,무주종합수련원
전라북도,무주군,무주향교
전라북도,무주군,무주향로산자연휴양림
전라북도,무주군,반디랜드
전라북도,무주군,자연환경연수원
전라북도,무주군,적상산사고지
전라북도,무주군,최북미술관·김환태문학관
전라북도,무주군,태권도원
전라북도,무주군,한전양수발전처
전라북도,장수군,논개 - 논개생가지
전라북도,장수군,논개 - 의암사(논개사당)
전라북도,장수군,뜬봉샘
전라북도,장수군,렛츠런팜 장수목장
전라북도,장수군,방화동가족휴가촌
전라북도,장수군,와룡자연휴양림
전라북도,장수군,장수골프리조트
전라북도,장수군,장수누리파크
전라북도,장수군,장수도깨비전시관
전라북도,장수군,장수승마레저파크
전라북도,장수군,장안산군립공원
전라북도,장수군,전해산 기념관
전라북도,장수군,정인승기념관
전라북도,임실군,국립임실호국원
전라북도,임실군,금화와이너리
전라북도,임실군,도화지도예문화원
전라북도,임실군,사선대 관광지
전라북도,임실군,사선대 해피랜드
전라북도,임실군,섬진강댐 물문화관
전라북도,임실군,성수산
전라북도,임실군,성수산자연휴양림
전라북도,임실군,세심자연휴양림
전라북도,임실군,소충사
전라북도,임실군,옥정호
전라북도,임실군,임실치즈마을
전라북도,임실군,임실치즈스쿨
전라북도,임실군,임실치즈요리체험학교
전라북도,임실군,임실치즈테마파크
전라북도,임실군,전북119안전체험관
전라북도,임실군,전북종합사격장
전라북도,임실군,청소년수련원
전라북도,임실군,필봉농악전수교육관
전라북도,순창군,가인연수관
전라북도,순창군,강천산 군립공원
전라북도,순창군,고추장익는마을
전라북도,순창군,금과황토열매마을
전라북도,순창군,녹두장군 전봉준관
전라북도,순창군,발효소스토굴
전라북도,순창군,산림박물관
전라북도,순창군,섬진강 미술관
전라북도,순창군,섬진강 자전거길(순창 장군목 구간)
전라북도,순창군,섬진강 향가오토캠핑장
전라북도,순창군,순창건강장수체험과학관
전라북도,순창군,순창군 승마장
전라북도,순창군,순창장류박물관
전라북도,순창군,순창전통고추장민속마을
전라북도,순창군,옥천골 미술관
전라북도,순창군,웅이네캠핑장
전라북도,순창군,장류체험관
전라북도,순창군,추령장승촌
전라북도,순창군,회문산휴양림
전라북도,순창군,훈몽재
전라북도,고창군,고창고인돌유적
전라북도,고창군,고창읍성
전라북도,고창군,고창컨트리클럽
전라북도,고창군,골프존카운티선운
전라북도,고창군,공음학원농장
전라북도,고창군,구시포해수욕장
전라북도,고창군,동학농민혁명발상지
전라북도,고창군,동호해수욕장
전라북도,고창군,무장읍성
전라북도,고창군,미당시문학관
전라북도,고창군,상하농원
전라북도,고창군,석정온천관광지(휴스파)
전라북도,고창군,석정힐 컨트리클럽
전라북도,고창군,선운산 도립공원
전라북도,고창군,장호갯벌체험마을
전라북도,고창군,전봉준 장군 생가터
전라북도,고창군,판소리박물관
전라북도,고창군,하전갯벌체험마을
전라북도,부안군,개암사
전라북도,부안군,고사포해수욕장
전라북도,부안군,"곰소항(곰소염전,젓갈단지)"
전라북도,부안군,궁항전라좌수영
전라북도,부안군,금구원야외조각미술관
전라북도,부안군,대명리조트 변산가족호텔
전라북도,부안군,대명리조트변산 아쿠아월드
전라북도,부안군,매창공원
전라북도,부안군,모항해나루가족호텔야외풀장
전라북도,부안군,모항해수욕장
전라북도,부안군,무형문화재 전수관
전라북도,부안군,변산반도국립공원(남여치)
전라북도,부안군,변산반도국립공원(내변산)
전라북도,부안군,변산반도국립공원(내소사)
전라북도,부안군,변산반도국립공원(원암)
전라북도,부안군,변산해수욕장
전라북도,부안군,부안누에타운
전라북도,부안군,부안댐
전라북도,부안군,부안마실길
전라북도,부안군,부안청자박물관
전라북도,부안군,상록해수욕장
전라북도,부안군,새만금 방조제
전라북도,부안군,새만금전시관
전라북도,부안군,석불영상랜드
전라북도,부안군,석정문학관
전라북도,부안군,신재생에너지테마파크 
전라북도,부안군,영상테마파크
전라북도,부안군,원숭이학교
전라북도,부안군,위도
전라북도,부안군,위도해수욕장
전라북도,부안군,자연생태공원
전라북도,부안군,줄포만갯벌생태공원
전라북도,부안군,채석강
전라북도,부안군,청림청소년수련시설(천문대)
전라북도,부안군,휘목미술관
제주특별자치도,제주시,(주)제주미니미니랜드
제주특별자치도,제주시,국립제주박물관
제주특별자치도,제주시,도립미술관
제주특별자치도,제주시,만장굴관광지
제주특별자치도,제주시,민속자연사박물관
제주특별자치도,제주시,비자림
제주특별자치도,제주시,산굼부리
제주특별자치도,제주시,삼성혈
제주특별자치도,제주시,삼양선사유적지
제주특별자치도,제주시,생각하는 정원
제주특별자치도,제주시,절물자연휴양림
제주특별자치도,제주시,제주도립 김창열미술관
제주특별자치도,제주시,제주돌문화공원
제주특별자치도,제주시,제주러브랜드
제주특별자치도,제주시,제주목관아지
제주특별자치도,제주시,제주별빛누리공원
제주특별자치도,제주시,제주항일기념관
제주특별자치도,제주시,한라산국립공원
제주특별자치도,제주시,한림공원
제주특별자치도,제주시,항몽 유적지
제주특별자치도,제주시,해녀 박물관
제주특별자치도,서귀포시,감귤박물관
제주특별자치도,서귀포시,기당미술관
제주특별자치도,서귀포시,마라해양도립공원
제주특별자치도,서귀포시,박물관은살아있다
제주특별자치도,서귀포시,산방산
제주특별자치도,서귀포시,서귀포도립해양공원
제주특별자치도,서귀포시,서귀포자연휴양림
제주특별자치도,서귀포시,서복전시관
제주특별자치도,서귀포시,성산일출봉
제주특별자치도,서귀포시,소인국테마파크
제주특별자치도,서귀포시,신영영화박물관
제주특별자치도,서귀포시,아프리카박물관
제주특별자치도,서귀포시,여미지식물원
제주특별자치도,서귀포시,이중섭미술관
제주특별자치도,서귀포시,일출랜드
제주특별자치도,서귀포시,정방폭포
제주특별자치도,서귀포시,제주민속촌박물관
제주특별자치도,서귀포시,제주조각공원
제주특별자치도,서귀포시,제주추사관
제주특별자치도,서귀포시,중문대포해안주상절리대
제주특별자치도,서귀포시,천제연폭포
제주특별자치도,서귀포시,천지연폭포
제주특별자치도,서귀포시,카멜리아힐
제주특별자치도,서귀포시,테디베어뮤지엄
제주특별자치도,서귀포시,퍼시픽랜드
제주특별자치도,서귀포시,한화아쿠아플라넷제주
충청남도,천안시,각원사
충청남도,천안시,골드힐카운티
충청남도,천안시,광덕사
충청남도,천안시,광덕산
충청남도,천안시,대명리조트 천안
충청남도,천안시,독립기념관
충청남도,천안시,들꽃세상
충청남도,천안시,망향의동산
충청남도,천안시,버드우드골프클럽
충청남도,천안시,우정박물관
충청남도,천안시,우정힐스컨트리클럽
충청남도,천안시,유관순열사 생가
충청남도,천안시,유관순열사사적지
충청남도,천안시,이동녕선생 기념관
충청남도,천안시,자연누리성
충청남도,천안시,조병옥박사 생가지
충청남도,천안시,천안박물관
충청남도,천안시,천안삼거리공원
충청남도,천안시,천안상록리조트
충청남도,천안시,천안예술의전당
충청남도,천안시,천안종합휴양관광지
충청남도,천안시,천안홍대용과학관
충청남도,천안시,태조산관광지
충청남도,천안시,태학산자연휴양림
충청남도,천안시,허브파라다이스
충청남도,공주시,5도2촌시범마을
충청남도,공주시,갑사
충청남도,공주시,갑사템플스테이
충청남도,공주시,계룡산국립공원(갑사)
충청남도,공주시,계룡산국립공원(동학사)
충청남도,공주시,계룡산국립공원(병사골)
충청남도,공주시,계룡산국립공원(상신)
충청남도,공주시,계룡산국립공원(신원사)
충청남도,공주시,계룡산국립공원(지석골)
충청남도,공주시,계룡산국립공원(천정)
충청남도,공주시,계룡산도예촌
충청남도,공주시,계룡산유스호스텔
충청남도,공주시,고마아트센터
충청남도,공주시,골드리버CC
충청남도,공주시,곰나루관광단지
충청남도,공주시,공산성
충청남도,공주시,공주 한옥마을
충청남도,공주시,공주민속극박물관
충청남도,공주시,공주산림휴양마을 목재체험관
충청남도,공주시,공주유스호스텔
충청남도,공주시,국립공주박물관
충청남도,공주시,동학사
충청남도,공주시,마곡사
충청남도,공주시,마곡사템플스테이
충청남도,공주시,무령왕릉
충청남도,공주시,박동진판소리전수관
충청남도,공주시,석장리박물관
충청남도,공주시,성곡사
충청남도,공주시,송산리고분군
충청남도,공주시,수리치골성지
충청남도,공주시,신원사
충청남도,공주시,역사박물관
충청남도,공주시,웅진백제역사관
충청남도,공주시,이안숲속
충청남도,공주시,임립미술관
충청남도,공주시,자연사박물관
충청남도,공주시,전통불교문화원
충청남도,공주시,정안천생태공원
충청남도,공주시,지당세계만물박물관
충청남도,공주시,천주교순교성지황새바위
충청남도,공주시,파충류곤충체험관
충청남도,공주시,풀꽃문학관
충청남도,공주시,프린세스 골프클럽
충청남도,공주시,황새바위성지
충청남도,보령시,개화예술공원
충청남도,보령시,냉풍욕장
충청남도,보령시,대천연안 여객선 터미널
충청남도,보령시,대천해수욕장
충청남도,보령시,동백관
충청남도,보령시,무창포해수욕장
충청남도,보령시,보령머드박물관
충청남도,보령시,보령머드체험관
충청남도,보령시,보령문화의전당
충청남도,보령시,보령석탄박물관
충청남도,보령시,성주사지
충청남도,보령시,성주산 자연휴양림
충청남도,보령시,성주산자연휴양림
충청남도,보령시,스카이바이크
충청남도,보령시,오서산자연휴양림
충청남도,보령시,원산도 해수욕장
충청남도,보령시,웨스토피아
충청남도,보령시,짚트랙코리아(주)
충청남도,아산시,곡교천 은행나무길
충청남도,아산시,곡교천변 낚시터
충청남도,아산시,공세리성당
충청남도,아산시,공세리성지(성당)
충청남도,아산시,광덕산(강당계곡)
충청남도,아산시,광덕산(아산시)
충청남도,아산시,냉정낚시터
충청남도,아산시,대동낚시터
충청남도,아산시,도고온천
충청남도,아산시,도고컨트리클럽
충청남도,아산시,동천새마을낚시터
충청남도,아산시,망경낚시터
충청남도,아산시,맹씨행단
충청남도,아산시,모산낚시터
충청남도,아산시,배방산
충청남도,아산시,봉재낚시터
충청남도,아산시,삽교천낚시터
충청남도,아산시,삽교천변 낚시터
충청남도,아산시,선장저수지
충청남도,아산시,세계꽃식물원
충청남도,아산시,송악낚시터
충청남도,아산시,순천향낚시터
충청남도,아산시,신봉낚시터
충청남도,아산시,신수낚시터
충청남도,아산시,신왕낚시터
충청남도,아산시,신정호국민관광지
충청남도,아산시,신창낚시터
충청남도,아산시,신휴낚시터
충청남도,아산시,신휴우리낚시터
충청남도,아산시,아산레일바이크
충청남도,아산시,아산스파비스
충청남도,아산시,아산온천
충청남도,아산시,아산외암마을
충청남도,아산시,아산코미디홀
충청남도,아산시,안골낚시터
충청남도,아산시,에스지아름다운C.C
충청남도,아산시,염치낚시터
충청남도,아산시,영인낚시터
충청남도,아산시,영인산자연휴양림
충청남도,아산시,온양관광호텔(온천탕)
충청남도,아산시,온양그랜드호텔(온천탕)
충청남도,아산시,온양민속박물관
충청남도,아산시,온양온천
충청남도,아산시,월랑낚시터
충청남도,아산시,윤보선전대통령생가
충청남도,아산시,이순신빙상장
충청남도,아산시,잔실저수지
충청남도,아산시,천년의 숲길(봉곡사)
충청남도,아산시,파라다이스스파도고
충청남도,아산시,피나클랜드
충청남도,아산시,현충사
충청남도,아산시,환경과학공원
충청남도,서산시,간월도관광지
충청남도,서산시,간월암
충청남도,서산시,삼길포
충청남도,서산시,서산류방택천문기상과학관
충청남도,서산시,서산마애삼존불/용현계곡
충청남도,서산시,서산버드랜드
충청남도,서산시,용현자연휴양림
충청남도,서산시,팔봉산
충청남도,서산시,해미읍성
충청남도,서산시,"해미읍성, 순교성지"
충청남도,논산시,개태사
충청남도,논산시,관촉사
충청남도,논산시,그린투어리즘(포전마을)
충청남도,논산시,논산 명재 고택
충청남도,논산시,논산돈암서원
충청남도,논산시,대둔산
충청남도,논산시,백제군사박물관
충청남도,논산시,선샤인랜드
충청남도,논산시,탑정저수지
충청남도,계룡시,나라사랑 계룡대 견학
충청남도,당진시,기지시줄다리기박물관
충청남도,당진시,난지도해수욕장
충청남도,당진시,난지섬관광지
충청남도,당진시,당진 월드아트 서커스 공연장
충청남도,당진시,도비도
충청남도,당진시,삽교호관광지
충청남도,당진시,성구미 포구
충청남도,당진시,아그로랜드
충청남도,당진시,아미미술관
충청남도,당진시,안섬포구
충청남도,당진시,왜목마을관광지
충청남도,당진시,장고항 포구
충청남도,당진시,한진 포구
충청남도,당진시,함상공원
충청남도,당진시,합덕수리민속박물관
충청남도,금산군,개삼터공원
충청남도,금산군,금산 보석사
충청남도,금산군,금산산림문화타운 
충청남도,금산군,금산역사문화박물관
충청남도,금산군,금산인삼관
충청남도,금산군,대둔산
충청남도,금산군,서대산드림리조트
충청남도,금산군,에딘버러(구대둔)컨트리클럽
충청남도,금산군,칠백의총
충청남도,부여군,구드래국민관광지
충청남도,부여군,국립부여박물관
충청남도,부여군,굿뜨래웰빙마을 글램핑
충청남도,부여군,궁남지
충청남도,부여군,능산리고분군(왕릉)
충청남도,부여군,능안골고분군
충청남도,부여군,롯데리조트(아쿠아가든)
충청남도,부여군,롯데스카이힐부여C.C
충청남도,부여군,만수산자연휴양림
충청남도,부여군,무량사
충청남도,부여군,백마강레저파크
충청남도,부여군,백제문화단지
충청남도,부여군,백제보 금강문화관
충청남도,부여군,백제역사문화관
충청남도,부여군,백제컨트리클럽
충청남도,부여군,부소산성
충청남도,부여군,부여 국악의전당
충청남도,부여군,부여 생활사박물관
충청남도,부여군,부여 청소년수련원
충청남도,부여군,부여기와마을
충청남도,부여군,부여유람선선착장
충청남도,부여군,사비도성 가상체험관
충청남도,부여군,서동요테마파크
충청남도,부여군,성흥산성
충청남도,부여군,신동엽문학관
충청남도,부여군,인삼박물관
충청남도,부여군,정림사지
충청남도,부여군,홍산동헌
충청남도,서천군,국립생태원
충청남도,서천군,국립해양생물자원관
충청남도,서천군,금강하구둑관광지
충청남도,서천군,마량리동백나무숲
충청남도,서천군,선도리갯벌체험장
충청남도,서천군,신성리갈대밭
충청남도,서천군,장항 스카이워크
충청남도,서천군,조류생태전시관
충청남도,서천군,춘장대해수욕장
충청남도,서천군,한국최초 성경전래지 기념관
충청남도,서천군,한산모시관
충청남도,서천군,희리산자연휴양림
충청남도,청양군,고운식물원
충청남도,청양군,다락골 줄무덤
충청남도,청양군,모덕사
충청남도,청양군,목재문화자연사체험관
충청남도,청양군,백제문화체험박물관
충청남도,청양군,알프스마을(도농교류센터)
충청남도,청양군,장곡사
충청남도,청양군,천장호 출렁다리
충청남도,청양군,청양 군포시 청소년수련원
충청남도,청양군,청양 숭의 청소년수련원
충청남도,청양군,청양고추문화마을
충청남도,청양군,청양동강리오토캠핑장
충청남도,청양군,청양칠갑산오토캠핑장
충청남도,청양군,칠갑산
충청남도,청양군,칠갑산도립공원(산장로)
충청남도,청양군,칠갑산자연휴양림
충청남도,청양군,칠갑산천문대
충청남도,홍성군,거북이마을
충청남도,홍성군,고암 이응노 생가기념관
충청남도,홍성군,그림이 있는 정원
충청남도,홍성군,김좌진장군생가
충청남도,홍성군,남당항
충청남도,홍성군,문당환경농업마을
충청남도,홍성군,봉암장수마을
충청남도,홍성군,식기박물관
충청남도,홍성군,오서산(상당주차장입구)
충청남도,홍성군,용봉산
충청남도,홍성군,용봉산 (용봉초 매표소)
충청남도,홍성군,용봉산(구룡대 매표소)
충청남도,홍성군,용봉산(산림휴양관 매표소)
충청남도,홍성군,조류탐사과학관
충청남도,홍성군,죽도
충청남도,홍성군,한용운선생생가
충청남도,홍성군,홍성온천관광호텔부대시설(온천이용객)
충청남도,홍성군,홍주성역사관
충청남도,홍성군,홍주의사총
충청남도,예산군,가야산
충청남도,예산군,대흥슬로시티
충청남도,예산군,덕산온천관광지
충청남도,예산군,봉수산자연휴양림
충청남도,예산군,세심천온천호텔(온천)
충청남도,예산군,수덕사
충청남도,예산군,수암산
충청남도,예산군,스플라스 리솜(워터파크)
충청남도,예산군,아그로랜드
충청남도,예산군,알토란사과마을
충청남도,예산군,예당관광지
충청남도,예산군,예당관광지 야영장
충청남도,예산군,예당호 출렁다리
충청남도,예산군,예산군국민여가캠핑장
충청남도,예산군,예산사과와인
충청남도,예산군,예산황새공원
충청남도,예산군,윤봉길의사 기념관
충청남도,예산군,추사고택(제8경)
충청남도,예산군,추사기념관
충청남도,예산군,충의사
충청남도,예산군,한국고건축박물관
충청남도,예산군,향천사(금오산)
충청남도,태안군,갈음이해수욕장
충청남도,태안군,고남패총박물관
충청남도,태안군,곰섬해수욕장
충청남도,태안군,구례포해수욕장
충청남도,태안군,구름포해수욕장
충청남도,태안군,기지포해수욕장
충청남도,태안군,꽃지해수욕장
충청남도,태안군,꾸지나무골해수욕장
충청남도,태안군,네이처월드(꽃축제장)
충청남도,태안군,노을길
충청남도,태안군,달산포해수욕장
충청남도,태안군,두여해수욕장
충청남도,태안군,마검포해수욕장
충청남도,태안군,만리포해수욕장
충청남도,태안군,몽산포해수욕장
충청남도,태안군,바라길
충청남도,태안군,바람길
충청남도,태안군,바람아래해수욕장
충청남도,태안군,밧개해수욕장
충청남도,태안군,방주골해수욕장
충청남도,태안군,방포해수욕장
충청남도,태안군,백사장항
충청남도,태안군,백사장해수욕장
충청남도,태안군,백화산
충청남도,태안군,백화산 북봉 전망대
충청남도,태안군,사목해수욕장
충청남도,태안군,삼봉해수욕장
충청남도,태안군,샛별길
충청남도,태안군,샛별해수욕장
충청남도,태안군,솔모랫길
충청남도,태안군,솔향기길
충청남도,태안군,신두리 해안사구
충청남도,태안군,신두리해수욕장
충청남도,태안군,안면도 꽃다리
충청남도,태안군,안면도자연휴양림
충청남도,태안군,안면도쥬라기박물관
충청남도,태안군,안면해수욕장
충청남도,태안군,안흥유람선
충청남도,태안군,안흥항
충청남도,태안군,어은돌해수욕장
충청남도,태안군,연포해수욕장
충청남도,태안군,영목항
충청남도,태안군,오키드타운
충청남도,태안군,의항해수욕장
충청남도,태안군,이종일 생가지
충청남도,태안군,장돌해수욕장
충청남도,태안군,장삼해수욕장
충청남도,태안군,천리포수목원
충청남도,태안군,천리포해수욕장
충청남도,태안군,청산수목원(태안연꽃축제)
충청남도,태안군,청포대해수욕장
충청남도,태안군,태안비치 컨트리클럽
충청남도,태안군,통개해수욕장
충청남도,태안군,파도리해수욕장
충청남도,태안군,팜카밀레허브농원
충청남도,태안군,학암포해수욕장
충청남도,태안군,현대더링스 컨트리클럽
충청남도,당진군,난지도해수욕장
충청남도,당진군,도비도
충청남도,당진군,삽교호관광지
충청남도,당진군,성구미 포구
충청남도,당진군,안섬포구
충청남도,당진군,왜목마을관광지
충청남도,당진군,장고항 포구
충청남도,당진군,한진 포구
충청남도,당진군,함상공원
충청북도,청주시,국립청주박물관
충청북도,청주시,국립현대미술관 청주
충청북도,청주시,동래부사송상현충렬사
충청북도,청주시,문암생태공원 캠핑장
충청북도,청주시,문의문화재단지
충청북도,청주시,상당산성
충청북도,청주시,상당산성 자연휴양림
충청북도,청주시,상수허브랜드
충청북도,청주시,수암골
충청북도,청주시,옥화자연휴양림
충청북도,청주시,용두사지철당간
충청북도,청주시,우암어린이회관
충청북도,청주시,청남대
충청북도,청주시,청주고인쇄박물관
충청북도,청주시,청주동물원
충청북도,청주시,청주백제유물전시관
충청북도,청주시,청주향교
충청북도,청주시,현도오토캠핑장
충청북도,충주시,계명산자연휴양림
충청북도,충주시,고구려비전시관
충청북도,충주시,금가참숯
충청북도,충주시,깊은산속 옹달샘
충청북도,충주시,깊은산속옹달샘
충청북도,충주시,대영베이스컨트리클럽
충청북도,충주시,대영힐스컨트리클럽
충청북도,충주시,라이트월드
충청북도,충주시,목계나루
충청북도,충주시,문강온천지구
충청북도,충주시,문성자연휴양림
충청북도,충주시,물문화관
충청북도,충주시,미륵리사지
충청북도,충주시,밤골도예
충청북도,충주시,보훈휴양원
충청북도,충주시,봉황자연휴양림
충청북도,충주시,사과과학관
충청북도,충주시,사조리조트 수안보 콘도
충청북도,충주시,삼탄유원지
충청북도,충주시,선사박물관
충청북도,충주시,세계무술박물관
충청북도,충주시,센테리움CC
충청북도,충주시,센트리움C.C
충청북도,충주시,솟대나라
충청북도,충주시,수룡폭포유원지
충청북도,충주시,수안보 족욕길
충청북도,충주시,수안보온천지구 KT&G수련원
충청북도,충주시,수안보온천지구 RI호텔
충청북도,충주시,수안보온천지구 궁전파크
충청북도,충주시,수안보온천지구 글로리아호텔
충청북도,충주시,수안보온천지구 낙천장
충청북도,충주시,수안보온천지구 농협수련원
충청북도,충주시,수안보온천지구 대림호텔
충청북도,충주시,수안보온천지구 동양파크호텔
충청북도,충주시,수안보온천지구 리베라모텔
충청북도,충주시,수안보온천지구 물탕공원
충청북도,충주시,수안보온천지구 밀라노호텔
충청북도,충주시,수안보온천지구 부림장
충청북도,충주시,수안보온천지구 사조유스호스텔
충청북도,충주시,수안보온천지구 산수파크
충청북도,충주시,수안보온천지구 성시호텔
충청북도,충주시,수안보온천지구 스크린 호텔
충청북도,충주시,수안보온천지구 신흥장
충청북도,충주시,수안보온천지구 옥천장
충청북도,충주시,수안보온천지구 원저궁모텔
충청북도,충주시,수안보온천지구 일양유스호텔
충청북도,충주시,수안보온천지구 제일장호텔
충청북도,충주시,수안보온천지구 코레스코호텔
충청북도,충주시,수안보온천지구 크라운호텔
충청북도,충주시,수안보온천지구 하이아트
충청북도,충주시,수안보온천지구 한전연수원
충청북도,충주시,수안보온천지구(로얄호텔 온천이용)
충청북도,충주시,수안보온천지구(수안보상록호텔 온천이용)
충청북도,충주시,수안보온천지구(수안보파크호텔 온천이용)
충청북도,충주시,수안보온천지구(하이스파 온천이용)
충청북도,충주시,수안보온천지구(한화콘도 온천이용)
충청북도,충주시,수안보조선관광호텔
충청북도,충주시,수주팔봉유원지
충청북도,충주시,술 박물관
충청북도,충주시,시그너스컨트리클럽
충청북도,충주시,쌍떼힐컨트리클럽
충청북도,충주시,앙성온천지구 능암관광호텔
충청북도,충주시,앙성온천지구 능암온천랜드
충청북도,충주시,앙성온천지구 리베라호텔
충청북도,충주시,앙성온천지구 옛날옥션
충청북도,충주시,앙성온천지구 켄싱턴리조트
충청북도,충주시,앙성온천지구 호텔유앤스파
충청북도,충주시,앙성온천지구(앙성탄산온천 온천이용)
충청북도,충주시,오대호아트팩토리
충청북도,충주시,월악산국립공원(만수골)
충청북도,충주시,임충민공충렬사
충청북도,충주시,임페리얼레이크컨트리클럽
충청북도,충주시,입고놀까
충청북도,충주시,조산공원
충청북도,충주시,종댕이길
충청북도,충주시,중앙탑
충청북도,충주시,중원골프장
충청북도,충주시,충주 라바랜드
충청북도,충주시,충주고구려천문과학관
충청북도,충주시,충주공예전시관
충청북도,충주시,충주댐
충청북도,충주시,충주도자기마을
충청북도,충주시,충주박물관
충청북도,충주시,충주시 자연생태체험관
충청북도,충주시,충주월악파3 골프장
충청북도,충주시,충주호관광선
충청북도,충주시,충주호리조트
충청북도,충주시,탄금대
충청북도,충주시,탄금호물놀이장
충청북도,충주시,풍류문화관
충청북도,충주시,하늘재
충청북도,충주시,하이서울 수안보연수원
충청북도,충주시,한국콘도(수안보)
충청북도,충주시,호암지공원
충청북도,제천시,금수산(제천시)
충청북도,제천시,금월봉관광지
충청북도,제천시,노목계곡
충청북도,제천시,능강계곡
충청북도,제천시,능강콘도
충청북도,제천시,덕동계곡
충청북도,제천시,리솜포레스트 아쿠아존
충청북도,제천시,만남의광장
충청북도,제천시,명암계곡
충청북도,제천시,목각전시체험장
충청북도,제천시,무암계곡
충청북도,제천시,박달재
충청북도,제천시,박달재 목각공원
충청북도,제천시,박달재자연휴양림
충청북도,제천시,박달재청소년수련원
충청북도,제천시,발효박물관
충청북도,제천시,배론성지
충청북도,제천시,송계계곡
충청북도,제천시,슬로시티 수산
충청북도,제천시,옥순봉
충청북도,제천시,용두산
충청북도,제천시,용하구곡
충청북도,제천시,운학계곡
충청북도,제천시,월악꽃단지마을
충청북도,제천시,월악산
충청북도,제천시,월악산국립공원(덕산)
충청북도,제천시,월악산국립공원(덕주골)
충청북도,제천시,월악산국립공원(동창교)
충청북도,제천시,월악산국립공원(북바위산)
충청북도,제천시,월악산국립공원(송계)
충청북도,제천시,월악유스호스텔
충청북도,제천시,의림지
충청북도,제천시,의림지 역사박물관
충청북도,제천시,자양영당
충청북도,제천시,자연탐사과학관
충청북도,제천시,정방사
충청북도,제천시,제천시 청소년 수련원
충청북도,제천시,제천시산악체험장
충청북도,제천시,청풍리조트레이크호텔
충청북도,제천시,청풍문화재단지
충청북도,제천시,청풍유람선
충청북도,제천시,청풍유스호스텔
충청북도,제천시,청풍호 관광모노레일
충청북도,제천시,청풍호반케이블카
충청북도,제천시,청풍호자드락1길(작은동산길)
충청북도,제천시,청풍호자드락3길(얼음골생태길)
충청북도,제천시,청풍호자드락6길(괴곡성벽길)
충청북도,제천시,청풍힐관광호텔
충청북도,제천시,탁사정(정자)
충청북도,제천시,한방생명과학관
충청북도,제천시,힐데스하임컨트리클럽
충청북도,청원군,고드미마을
충청북도,청원군,그랜드컨트리클럽
충청북도,청원군,낭추골현장체험학습원&썰매장
충청북도,청원군,단재 신채호 사당
충청북도,청원군,대청댐
충청북도,청원군,대청호전망대
충청북도,청원군,떼제베CC
충청북도,청원군,문의문화재단지
충청북도,청원군,미동산수목원
충청북도,청원군,상수허브랜드
충청북도,청원군,소전(벌랏)마을
충청북도,청원군,실크리버골프장
충청북도,청원군,양성산성
충청북도,청원군,예뿌리박물관
충청북도,청원군,옥화자연휴양림
충청북도,청원군,운보공방(운보의집)
충청북도,청원군,의암손병희선생 유원지
충청북도,청원군,청남대
충청북도,청원군,청원군청소년수련관
충청북도,청원군,초정약수원탕
충청북도,청원군,크레이사격장
충청북도,청원군,한국잠사박물관
충청북도,보은군,i사랑유스호스텔
충청북도,보은군,구병리 아름마을
충청북도,보은군,구병산
충청북도,보은군,금적산
충청북도,보은군,대청호수변공원
충청북도,보은군,동학농민혁명기념공원
충청북도,보은군,둘리공원
충청북도,보은군,레이크힐스호텔속리산
충청북도,보은군,말티재자연휴양림
충청북도,보은군,별방유스타운
충청북도,보은군,비림박물관
충청북도,보은군,삼년산성
충청북도,보은군,서당골청소년수련원관광농원
충청북도,보은군,서원계곡
충청북도,보은군,서원리소나무
충청북도,보은군,선병국가옥
충청북도,보은군,속리산 숲체험휴양마을
충청북도,보은군,속리산관광기념촬영장
충청북도,보은군,속리산국립공원(법주사)
충청북도,보은군,속리산알프스수련원
충청북도,보은군,속리산유스타운
충청북도,보은군,솔향공원
충청북도,보은군,아리솔컨트리클럽
충청북도,보은군,열림원유스호스텔
충청북도,보은군,오장환문학관
충청북도,보은군,원평소규모휴양단지
충청북도,보은군,임한솔밭
충청북도,보은군,충북알프스자연휴양림
충청북도,보은군,펀파크
충청북도,보은군,풍림정사
충청북도,보은군,호점산성
충청북도,보은군,회인인산객사
충청북도,보은군,회인향교
충청북도,옥천군,금강유원지
충청북도,옥천군,둔주봉
충청북도,옥천군,부소담악
충청북도,옥천군,서화천
충청북도,옥천군,용암사
충청북도,옥천군,육영수생가
충청북도,옥천군,장계관광지
충청북도,옥천군,장령산 자연휴양림
충청북도,옥천군,정지용문학관
충청북도,옥천군,한두레권역
충청북도,옥천군,햇다래마을
충청북도,영동군,갈기산
충청북도,영동군,과일나라 테마공원
충청북도,영동군,국악체험촌
충청북도,영동군,난계국악박물관
충청북도,영동군,물한계곡
충청북도,영동군,민주지산
충청북도,영동군,민주지산(영동군)자연휴양림
충청북도,영동군,반야사
충청북도,영동군,백화산 산림욕장
충청북도,영동군,송호관광지
충청북도,영동군,영동와인터널
충청북도,영동군,옥계폭포
충청북도,영동군,월류봉
충청북도,영동군,천태산
충청북도,진천군,길상사
충청북도,진천군,김유신장군탄생지
충청북도,진천군,두타산
충청북도,진천군,만뢰산
충청북도,진천군,만뢰산자연생태공원
충청북도,진천군,문강도예캠프
충청북도,진천군,배티성지
충청북도,진천군,백곡저수지
충청북도,진천군,보탑사
충청북도,진천군,삼흥관광농원
충청북도,진천군,아트밸리 컨트리클럽
충청북도,진천군,안골관광농원
충청북도,진천군,에머슨컨트리클럽
충청북도,진천군,역사테마공원
충청북도,진천군,연곡계곡
충청북도,진천군,이상설선생생가
충청북도,진천군,이원아트빌리지
충청북도,진천군,정송강사
충청북도,진천군,진천군 청소년수련원
충청북도,진천군,진천농교(농다리)
충청북도,진천군,진천종박물관
충청북도,진천군,천룡컨트리클럽
충청북도,진천군,초평저수지
충청북도,진천군,크리스탈카운티컨트리클럽
충청북도,진천군,향토민속자료전시관
충청북도,진천군,히든밸리 골프클럽
충청북도,괴산군,각연사
충청북도,괴산군,갈은구곡
충청북도,괴산군,괴강관광지(괴산청소년수련관)
충청북도,괴산군,괴강관광지(국민여가캠핑장)
충청북도,괴산군,괴강유원지
충청북도,괴산군,괴산군민가마솥
충청북도,괴산군,괴산한지체험박물관
충청북도,괴산군,김시민장군충민사
충청북도,괴산군,박대천
충청북도,괴산군,보광사
충청북도,괴산군,보람원
충청북도,괴산군,사담천
충청북도,괴산군,산막이옛길
충청북도,괴산군,성불산자연휴양림
충청북도,괴산군,속리산국립공원(갈론구곡)
충청북도,괴산군,속리산국립공원(공림사)
충청북도,괴산군,속리산국립공원(선유구곡)
충청북도,괴산군,속리산국립공원(쌍곡구곡)
충청북도,괴산군,속리산국립공원(화양구곡)
충청북도,괴산군,수옥정관광지
충청북도,괴산군,연풍레포츠공원
충청북도,괴산군,연풍새재
충청북도,괴산군,연풍성지
충청북도,괴산군,연하협구름다리
충청북도,괴산군,용성골
충청북도,괴산군,이탄유원지
충청북도,괴산군,제월대유원지
충청북도,괴산군,조령민속공예촌
충청북도,괴산군,조령산자연휴양림
충청북도,괴산군,지촌천
충청북도,괴산군,충청북도자연학습원
충청북도,괴산군,홍명희생가
충청북도,괴산군,화양청소년수련의집
충청북도,괴산군,환경문화시장
충청북도,괴산군,후평숲유원지
충청북도,음성군,녹색농촌체험마을 용바위골
충청북도,음성군,녹색농촌체험마을 하당1리
충청북도,음성군,무극전적국민관광지
충청북도,음성군,반기문 평화기념관
충청북도,음성군,봉화골산림욕장
충청북도,음성군,썬벨리 컨트리클럽
충청북도,음성군,음성군품바재생예술체험촌
충청북도,음성군,철박물관
충청북도,음성군,청소년수련원
충청북도,음성군,코리아크래프트브류어리
충청북도,음성군,통동저수지
충청북도,음성군,한독의약박물관
충청북도,음성군,한독의약사료관
충청북도,음성군,향토유물전시관
충청북도,단양군,(주)세촌소백산유스호스텔
충청북도,단양군,고수동굴
충청북도,단양군,구담봉
충청북도,단양군,구담봉(장해나루)
충청북도,단양군,구인사
충청북도,단양군,금수산(단양군)
충청북도,단양군,다누리아쿠아리움
충청북도,단양군,다리안관광지
충청북도,단양군,단양강 잔도
충청북도,단양군,단양관광호텔
충청북도,단양군,단양수양개선사유적전시관
충청북도,단양군,대명리조트 단양
충청북도,단양군,도담삼봉
충청북도,단양군,래프팅(서바이벌)
충청북도,단양군,만천하스카이워크
충청북도,단양군,사인암
충청북도,단양군,상선암
충청북도,단양군,석문
충청북도,단양군,소노문 단양 오션플레이
충청북도,단양군,소백산국립공원 북부사무소(죽령)
충청북도,단양군,소백산국립공원 북부사무소(천동)
충청북도,단양군,소백산국립공원 북부출장소(어의곡)
충청북도,단양군,소백산국립공원(단양군)
충청북도,단양군,소선암자연휴양림(오토캠핑장 포함)
충청북도,단양군,양방산전망대
충청북도,단양군,온달관광지
충청북도,단양군,월악산국립공원 단양분소(금수산)
충청북도,단양군,월악산국립공원 단양분소(도락산)
충청북도,단양군,월악산국립공원 단양분소(제비봉)
충청북도,단양군,월악산국립공원(단양군)
충청북도,단양군,중선암
충청북도,단양군,천동관광지
충청북도,단양군,천동동굴
충청북도,단양군,하선암
충청북도,단양군,황정산자연휴양림
충청북도,증평군,두타산등산로
충청북도,증평군,보강천
충청북도,증평군,삼보산
충청북도,증평군,연병호 항일역사공원
충청북도,증평군,연병호생가
충청북도,증평군,연암저수지
충청북도,증평군,율리저수지
충청북도,증평군,율리휴양촌
충청북도,증평군,이성산성
충청북도,증평군,인삼관광휴게소
충청북도,증평군,인삼타운
충청북도,증평군,장이 익어가는 마을
충청북도,증평군,좌구산
충청북도,증평군,좌구산 숲 명상의 집
충청북도,증평군,좌구산휴양림
충청북도,증평군,증안골/정안녹색체험마을
충청북도,증평군,증평 좌구산천문대
충청북도,증평군,증평대장간
충청북도,증평군,증평민속체험박물관
충청북도,증평군,증평유스호스텔
충청북도,증평군,충북인삼유통센터
